layer,decode_q_len,pc_label,lev_label,n_anchor,alpha,direct_rows,pooled_rows
attention,1,pc0,lev0,2,0.3611,274,274
attention,1,pc0,lev0,3,0.3735,126,126
attention,1,pc0,lev0,4,0.2909,124,124
attention,1,pc0,lev0,5,0.2926,70,70
attention,1,pc0,lev0,6,0.7401,51,51
attention,1,pc0,lev0,7,0.3056,50,50
attention,1,pc0,lev0,8,0.2658,82,82
attention,1,pc0,lev0,9,0.5131,43,43
attention,1,pc0,lev0,10,0.2891,58,58
attention,1,pc0,lev0,11,0.3639,45,45
attention,1,pc0,lev0,12,0.0503,39,39
attention,1,pc0,lev0,13,0.3607,21,21
attention,1,pc0,lev0,14,0.0727,32,32
attention,1,pc0,lev0,15,0.1186,20,20
attention,1,pc0,lev0,16,0.0639,38,38
attention,1,pc0,lev0,17,0.3078,22,22
attention,1,pc0,lev0,18,0.0885,24,24
attention,1,pc0,lev0,19,0.6133,21,21
attention,1,pc0,lev0,20,0.1671,26,26
attention,1,pc0,lev0,22,0.0942,24,41
attention,1,pc0,lev0,23,0.6228,27,27
attention,1,pc0,lev0,24,0.3437,20,20
attention,1,pc0,lev0,25,0.456,25,25
attention,1,pc0,lev0,26,0.4087,28,47
attention,1,pc0,lev0,29,0.0631,22,37
attention,1,pc0,lev0,31,0.1629,25,36
attention,1,pc0,lev0,32,0.002,43,90
attention,1,pc0,lev0,39,-0.0108,20,70
attention,1,pc0,lev0,40,-0.0016,22,140
attention,1,pc0,lev0,64,-0.0346,39,288
attention,1,pc0,lev0,128,-0.172,22,324
attention,1,pc0,lev0,256,-0.019,39,223
attention,1,pc0,lev1,2,0.1086,96,96
attention,1,pc0,lev1,3,0.1745,62,62
attention,1,pc0,lev1,4,0.1929,62,62
attention,1,pc0,lev1,5,0.1704,64,64
attention,1,pc0,lev1,6,0.15,44,44
attention,1,pc0,lev1,7,0.117,32,32
attention,1,pc0,lev1,8,0.0627,54,54
attention,1,pc0,lev1,9,0.1217,30,30
attention,1,pc0,lev1,11,0.0526,23,59
attention,1,pc0,lev1,14,0.0453,23,41
attention,1,pc0,lev1,16,0.053,31,45
attention,1,pc0,lev1,17,0.0426,22,22
attention,1,pc0,lev1,18,0.0629,27,41
attention,1,pc0,lev1,22,0.0606,20,109
attention,1,pc0,lev1,32,0.0238,23,210
attention,1,pc0,lev1,64,0.0293,39,265
attention,1,pc0,lev1,256,0.0315,21,178
attention,1,pc0,lev2,4,0.0223,20,23
attention,1,pc0,lev2,6,0.0593,22,30
attention,1,pc0,lev2,8,0.0569,21,35
attention,1,pc0,lev2,10,0.0722,22,61
attention,1,pc0,lev2,16,0.0582,35,119
attention,1,pc0,lev2,32,0.0278,21,239
attention,1,pc0,lev2,64,0.0194,24,366
attention,1,pc0,lev2,256,0.0339,37,382
attention,1,pc0,lev3,16,0.0835,23,122
attention,1,pc0,lev3,32,0.0533,36,170
attention,1,pc0,lev3,64,0.0384,42,124
attention,1,pc0,lev3,128,0.0852,42,88
attention,1,pc0,lev3,256,0.0411,47,88
attention,1,pc0,lev4,64,0.087,45,747
attention,1,pc0,lev4,256,0.0817,47,519
attention,1,pc1,lev0,2,0.6833,188,188
attention,1,pc1,lev0,3,1.0,76,76
attention,1,pc1,lev0,4,0.4146,410,410
attention,1,pc1,lev0,5,1.0,43,43
attention,1,pc1,lev0,6,1.0,52,52
attention,1,pc1,lev0,7,1.0,41,41
attention,1,pc1,lev0,8,0.5023,634,634
attention,1,pc1,lev0,9,1.0,27,27
attention,1,pc1,lev0,10,1.0,38,38
attention,1,pc1,lev0,11,1.0,35,35
attention,1,pc1,lev0,12,1.0,39,39
attention,1,pc1,lev0,13,1.0,31,31
attention,1,pc1,lev0,14,1.0,27,27
attention,1,pc1,lev0,16,0.1245,510,524
attention,1,pc1,lev0,17,1.0,26,107
attention,1,pc1,lev0,32,0.1655,472,603
attention,1,pc1,lev0,38,0.3934,22,105
attention,1,pc1,lev0,53,0.3461,22,141
attention,1,pc1,lev0,64,0.1743,350,396
attention,1,pc1,lev0,65,1.0,20,96
attention,1,pc1,lev0,128,0.285,298,736
attention,1,pc1,lev1,2,0.9983,157,157
attention,1,pc1,lev1,3,1.0,31,31
attention,1,pc1,lev1,4,0.8947,163,163
attention,1,pc1,lev1,5,1.0,24,24
attention,1,pc1,lev1,6,1.0,22,22
attention,1,pc1,lev1,8,0.1529,292,335
attention,1,pc1,lev1,16,0.0781,382,491
attention,1,pc1,lev1,32,0.0938,434,555
attention,1,pc1,lev1,64,0.0877,349,428
attention,1,pc1,lev1,128,0.0872,347,413
attention,1,pc1,lev2,4,0.9595,76,99
attention,1,pc1,lev2,8,0.3287,215,237
attention,1,pc1,lev2,16,0.2849,282,336
attention,1,pc1,lev2,32,0.1032,319,375
attention,1,pc1,lev2,38,0.1015,20,94
attention,1,pc1,lev2,64,0.0476,380,423
attention,1,pc1,lev2,128,0.02,411,461
attention,1,pc1,lev3,8,0.421,74,101
attention,1,pc1,lev3,16,0.293,145,183
attention,1,pc1,lev3,32,0.1333,354,394
attention,1,pc1,lev3,64,0.0514,471,513
attention,1,pc1,lev3,128,0.0399,369,387
attention,1,pc1,lev4,32,0.3038,20,198
attention,1,pc1,lev4,64,0.1056,82,219
attention,1,pc1,lev4,128,0.0347,508,765
attention,1,pc2,lev0,2,0.5419,124,124
attention,1,pc2,lev0,3,0.4826,70,70
attention,1,pc2,lev0,4,0.2241,207,207
attention,1,pc2,lev0,5,-0.0555,34,34
attention,1,pc2,lev0,6,0.7673,55,55
attention,1,pc2,lev0,7,0.6299,34,34
attention,1,pc2,lev0,8,-0.0334,331,331
attention,1,pc2,lev0,10,0.0599,48,73
attention,1,pc2,lev0,13,0.1477,20,31
attention,1,pc2,lev0,14,1.0,26,26
attention,1,pc2,lev0,15,0.7668,24,24
attention,1,pc2,lev0,16,-0.1019,276,276
attention,1,pc2,lev0,17,0.1348,36,63
attention,1,pc2,lev0,24,0.0798,34,66
attention,1,pc2,lev0,26,0.1157,20,58
attention,1,pc2,lev0,32,-0.0224,285,314
attention,1,pc2,lev0,35,0.0505,23,123
attention,1,pc2,lev0,63,0.1158,27,127
attention,1,pc2,lev0,64,-0.0205,176,203
attention,1,pc2,lev0,128,0.0795,142,270
attention,1,pc2,lev1,2,0.8855,48,48
attention,1,pc2,lev1,4,0.6659,65,92
attention,1,pc2,lev1,8,0.3437,121,142
attention,1,pc2,lev1,10,0.3585,24,40
attention,1,pc2,lev1,16,0.1716,127,199
attention,1,pc2,lev1,32,0.0426,186,319
attention,1,pc2,lev1,64,0.0396,186,296
attention,1,pc2,lev1,128,0.0758,180,247
attention,1,pc2,lev2,8,0.4211,47,70
attention,1,pc2,lev2,16,0.2574,97,135
attention,1,pc2,lev2,32,0.1086,102,156
attention,1,pc2,lev2,64,0.0444,120,195
attention,1,pc2,lev2,128,0.0221,150,194
attention,1,pc2,lev3,16,0.3062,20,46
attention,1,pc2,lev3,32,0.1233,99,131
attention,1,pc2,lev3,64,0.0514,137,176
attention,1,pc2,lev3,128,0.0544,99,151
attention,1,pc2,lev4,64,0.0405,39,180
attention,1,pc2,lev4,128,0.017,180,334
attention,1,pc3,lev0,2,0.6818,62,62
attention,1,pc3,lev0,3,0.6866,27,27
attention,1,pc3,lev0,4,0.5654,138,138
attention,1,pc3,lev0,5,0.5676,24,24
attention,1,pc3,lev0,6,0.2718,24,24
attention,1,pc3,lev0,8,0.198,198,220
attention,1,pc3,lev0,12,0.0542,31,53
attention,1,pc3,lev0,16,0.0227,179,255
attention,1,pc3,lev0,32,0.049,176,241
attention,1,pc3,lev0,64,0.0954,130,159
attention,1,pc3,lev0,65,0.6042,27,74
attention,1,pc3,lev0,128,0.2055,164,396
attention,1,pc3,lev1,4,0.6794,20,39
attention,1,pc3,lev1,8,0.4268,47,71
attention,1,pc3,lev1,16,0.2267,54,98
attention,1,pc3,lev1,32,0.0721,78,129
attention,1,pc3,lev1,64,0.0319,92,133
attention,1,pc3,lev1,128,0.1119,114,172
attention,1,pc3,lev2,16,0.2606,24,45
attention,1,pc3,lev2,32,0.1125,37,66
attention,1,pc3,lev2,64,0.0099,36,50
attention,1,pc3,lev2,128,0.0469,50,98
attention,1,pc3,lev3,32,0.0817,24,58
attention,1,pc3,lev3,64,0.0315,50,123
attention,1,pc3,lev3,128,0.1135,61,247
attention,1,pc3,lev4,64,0.0416,23,62
attention,1,pc3,lev4,128,0.025,70,161
