component,mode,tokens,activated_experts,local_assignments,time_us
gate_routing,eager,1,-1,-1,5.471
gate_routing,eager,2,-1,-1,12.352
gate_routing,eager,3,-1,-1,12.350999999999999
gate_routing,eager,4,-1,-1,12.256
gate_routing,eager,6,-1,-1,12.415999999999999
gate_routing,eager,8,-1,-1,6.720000000000001
gate_routing,eager,11,-1,-1,6.688
gate_routing,eager,16,-1,-1,6.784
gate_routing,eager,23,-1,-1,7.648
gate_routing,eager,32,-1,-1,7.7139999999999995
gate_routing,eager,45,-1,-1,7.68
gate_routing,eager,64,-1,-1,7.071
gate_routing,eager,91,-1,-1,7.584
gate_routing,eager,128,-1,-1,7.808
gate_routing,eager,181,-1,-1,8.158999999999999
gate_routing,eager,256,-1,-1,8.415
gate_routing,eager,362,-1,-1,8.64
gate_routing,eager,512,-1,-1,9.504
gate_routing,eager,724,-1,-1,9.760000000000002
gate_routing,eager,1024,-1,-1,10.624
gate_routing,eager,1448,-1,-1,11.683
gate_routing,eager,2048,-1,-1,13.952
finalize_copy,eager,1,-1,-1,0.992
finalize_copy,eager,2,-1,-1,0.992
finalize_copy,eager,3,-1,-1,0.992
finalize_copy,eager,4,-1,-1,0.992
finalize_copy,eager,6,-1,-1,0.992
finalize_copy,eager,8,-1,-1,0.992
finalize_copy,eager,11,-1,-1,0.991
finalize_copy,eager,16,-1,-1,0.96
finalize_copy,eager,23,-1,-1,0.96
finalize_copy,eager,32,-1,-1,0.992
finalize_copy,eager,45,-1,-1,0.992
finalize_copy,eager,64,-1,-1,0.992
finalize_copy,eager,91,-1,-1,0.992
finalize_copy,eager,128,-1,-1,1.088
finalize_copy,eager,181,-1,-1,1.215
finalize_copy,eager,256,-1,-1,1.088
finalize_copy,eager,362,-1,-1,1.152
finalize_copy,eager,512,-1,-1,1.343
finalize_copy,eager,724,-1,-1,1.6
finalize_copy,eager,1024,-1,-1,2.047
finalize_copy,eager,1448,-1,-1,2.912
finalize_copy,eager,2048,-1,-1,3.584
experts,eager,1,4,4,41.0895
experts,eager,1,0,0,14.047
experts,eager,2,4,8,41.216
experts,eager,2,6,8,55.119
experts,eager,2,8,8,71.47400000000002
experts,eager,2,0,0,15.234
experts,eager,3,4,12,41.185500000000005
experts,eager,3,6,12,55.358999999999995
experts,eager,3,8,12,71.5355
experts,eager,3,11,12,86.15950000000001
experts,eager,3,12,12,92.49600000000001
experts,eager,3,0,0,16.895
experts,eager,4,4,16,41.727999999999994
experts,eager,4,6,16,55.29600000000001
experts,eager,4,8,16,71.5035
experts,eager,4,11,16,86.01599999999999
experts,eager,4,16,16,120.2245
experts,eager,4,0,0,18.337000000000003
experts,eager,6,4,24,42.879999999999995
experts,eager,6,6,24,56.5115
experts,eager,6,8,24,71.327
experts,eager,6,11,24,86.60799999999999
experts,eager,6,16,24,120.928
experts,eager,6,23,24,163.4235
experts,eager,6,24,24,171.743
experts,eager,6,0,0,20.960000000000004
experts,eager,8,4,32,44.144
experts,eager,8,6,32,58.591499999999996
experts,eager,8,8,32,72.1755
experts,eager,8,11,32,87.75999999999999
experts,eager,8,16,32,121.60150000000002
experts,eager,8,23,32,164.32
experts,eager,8,32,32,221.04
experts,eager,8,0,0,23.743000000000002
experts,eager,11,4,44,46.6545
experts,eager,11,6,44,62.2565
experts,eager,11,8,44,74.144
experts,eager,11,11,44,90.01599999999999
experts,eager,11,16,44,123.376
experts,eager,11,23,44,168.72
experts,eager,11,32,44,223.56799999999998
experts,eager,11,44,44,298.5435
experts,eager,11,0,0,26.112000000000002
experts,eager,16,4,64,52.8625
experts,eager,16,6,64,68.32000000000001
experts,eager,16,8,64,79.967
experts,eager,16,11,64,93.7435
experts,eager,16,16,64,129.312
experts,eager,16,23,64,177.29450000000003
experts,eager,16,32,64,229.9665
experts,eager,16,45,64,312.36850000000004
experts,eager,16,64,64,427.868
experts,eager,16,0,0,30.975
experts,eager,23,4,92,61.2785
experts,eager,23,6,92,70.736
experts,eager,23,8,92,82.208
experts,eager,23,11,92,95.8875
experts,eager,23,16,92,131.615
experts,eager,23,23,92,180.3995
experts,eager,23,32,92,232.736
experts,eager,23,45,92,316.273
experts,eager,23,64,92,429.567
experts,eager,23,0,0,33.023999999999994
experts,eager,32,4,128,62.0805
experts,eager,32,6,128,72.6565
experts,eager,32,8,128,82.88
experts,eager,32,11,128,96.14399999999999
experts,eager,32,16,128,132.159
experts,eager,32,23,128,182.2875
experts,eager,32,32,128,233.4065
experts,eager,32,45,128,317.981
experts,eager,32,64,128,431.965
experts,eager,32,0,0,33.504999999999995
experts,eager,45,4,180,48.3355
experts,eager,45,6,180,58.672000000000004
experts,eager,45,8,180,71.936
experts,eager,45,11,180,91.84
experts,eager,45,16,180,126.576
experts,eager,45,23,180,169.07150000000001
experts,eager,45,32,180,230.12900000000002
experts,eager,45,45,180,307.984
experts,eager,45,64,180,425.78999999999996
experts,eager,45,0,0,24.512999999999998
experts,eager,64,4,256,48.881
experts,eager,64,6,256,63.6635
experts,eager,64,8,256,72.09349999999999
experts,eager,64,11,256,92.49549999999999
experts,eager,64,16,256,127.679
experts,eager,64,23,256,170.22450000000003
experts,eager,64,32,256,229.4565
experts,eager,64,45,256,309.471
experts,eager,64,64,256,428.22249999999997
experts,eager,64,0,0,25.248
experts,eager,91,4,364,48.994
experts,eager,91,6,364,57.536
experts,eager,91,8,364,71.80850000000001
experts,eager,91,11,364,92.17600000000002
experts,eager,91,16,364,123.2335
experts,eager,91,23,364,169.8725
experts,eager,91,32,364,233.089
experts,eager,91,45,364,308.24100000000004
experts,eager,91,64,364,432.399
experts,eager,91,0,0,20.577
experts,eager,128,4,512,53.649
experts,eager,128,6,512,60.0325
experts,eager,128,8,512,72.4315
experts,eager,128,11,512,89.9685
experts,eager,128,16,512,127.4405
experts,eager,128,23,512,173.2815
experts,eager,128,32,512,240.89599999999996
experts,eager,128,45,512,314.0635
experts,eager,128,64,512,445.0405
experts,eager,128,0,0,21.183999999999997
experts,eager,181,4,724,57.713499999999996
experts,eager,181,6,724,60.9275
experts,eager,181,8,724,78.1775
experts,eager,181,11,724,94.7525
experts,eager,181,16,724,127.8575
experts,eager,181,23,724,174.86450000000002
experts,eager,181,32,724,242.72050000000002
experts,eager,181,45,724,315.728
experts,eager,181,64,724,447.13699999999994
experts,eager,181,0,0,22.208
experts,eager,256,4,1024,77.024
experts,eager,256,6,1024,82.64099999999999
experts,eager,256,8,1024,78.994
experts,eager,256,11,1024,96.465
experts,eager,256,16,1024,131.0725
experts,eager,256,23,1024,178.224
experts,eager,256,32,1024,245.167
experts,eager,256,45,1024,320.129
experts,eager,256,64,1024,451.2305
experts,eager,256,0,0,25.091999999999995
experts,eager,362,4,1448,91.04
experts,eager,362,6,1448,92.208
experts,eager,362,8,1448,95.00900000000001
experts,eager,362,11,1448,120.976
experts,eager,362,16,1448,149.55200000000002
experts,eager,362,23,1448,183.77550000000002
experts,eager,362,32,1448,251.5685
experts,eager,362,45,1448,327.02549999999997
experts,eager,362,64,1448,469.6015
experts,eager,362,0,0,27.999000000000002
experts,eager,512,4,2048,118.2875
experts,eager,512,6,2048,121.1845
experts,eager,512,8,2048,119.809
experts,eager,512,11,2048,128.07950000000002
experts,eager,512,16,2048,156.288
experts,eager,512,23,2048,193.216
experts,eager,512,32,2048,257.985
experts,eager,512,45,2048,336.62699999999995
experts,eager,512,64,2048,472.451
experts,eager,512,0,0,32.961999999999996
experts,eager,724,4,2896,146.5765
experts,eager,724,6,2896,146.88150000000002
experts,eager,724,8,2896,147.69600000000003
experts,eager,724,11,2896,189.487
experts,eager,724,16,2896,196.689
experts,eager,724,23,2896,208.9925
experts,eager,724,32,2896,291.696
experts,eager,724,45,2896,359.53700000000003
experts,eager,724,64,2896,500.724
experts,eager,724,0,0,42.464
experts,eager,1024,4,4096,194.879
experts,eager,1024,6,4096,203.4085
experts,eager,1024,8,4096,196.4175
experts,eager,1024,11,4096,200.704
experts,eager,1024,16,4096,209.041
experts,eager,1024,23,4096,239.6805
experts,eager,1024,32,4096,308.19050000000004
experts,eager,1024,45,4096,378.5475
experts,eager,1024,64,4096,521.6175
experts,eager,1024,0,0,52.097
experts,eager,1448,4,5792,261.2655
experts,eager,1448,6,5792,263.96900000000005
experts,eager,1448,8,5792,267.3605
experts,eager,1448,11,5792,273.52200000000005
experts,eager,1448,16,5792,269.823
experts,eager,1448,23,5792,262.3515
experts,eager,1448,32,5792,359.072
experts,eager,1448,45,5792,422.705
experts,eager,1448,64,5792,551.0684999999999
experts,eager,1448,0,0,63.646
experts,eager,2048,4,8192,335.67999999999995
experts,eager,2048,6,8192,338.43300000000005
experts,eager,2048,8,8192,338.481
experts,eager,2048,11,8192,346.912
experts,eager,2048,16,8192,350.9765
experts,eager,2048,23,8192,362.84799999999996
experts,eager,2048,32,8192,392.7205
experts,eager,2048,45,8192,476.031
experts,eager,2048,64,8192,591.4415
experts,eager,2048,0,0,83.71
experts,eager,2896,4,11584,446.353
experts,eager,2896,6,11584,483.5535
experts,eager,2896,8,11584,486.323
experts,eager,2896,11,11584,491.744
experts,eager,2896,16,11584,494.816
experts,eager,2896,23,11584,472.209
experts,eager,2896,32,11584,514.6415
experts,eager,2896,45,11584,634.2090000000001
experts,eager,2896,64,11584,688.29
experts,eager,2896,0,0,119.55099999999999
experts,eager,4096,4,16384,675.299
experts,eager,4096,6,16384,682.1635
experts,eager,4096,8,16384,677.203
experts,eager,4096,11,16384,694.1779999999999
experts,eager,4096,16,16384,685.1725
experts,eager,4096,23,16384,714.3230000000001
experts,eager,4096,32,16384,703.4875
experts,eager,4096,45,16384,737.8725000000001
experts,eager,4096,64,16384,780.9460000000001
experts,eager,4096,0,0,223.68200000000002
gate_routing,graph,1,-1,-1,5.088
gate_routing,graph,2,-1,-1,11.68
gate_routing,graph,3,-1,-1,11.648
gate_routing,graph,4,-1,-1,11.648
gate_routing,graph,6,-1,-1,11.68
gate_routing,graph,8,-1,-1,6.304
gate_routing,graph,11,-1,-1,6.336
gate_routing,graph,16,-1,-1,6.494
gate_routing,graph,23,-1,-1,7.263999999999999
gate_routing,graph,32,-1,-1,7.295999999999999
gate_routing,graph,45,-1,-1,7.3919999999999995
gate_routing,graph,64,-1,-1,6.720000000000001
gate_routing,graph,91,-1,-1,7.231999999999999
gate_routing,graph,128,-1,-1,7.52
gate_routing,graph,181,-1,-1,7.808
gate_routing,graph,256,-1,-1,8.0
gate_routing,graph,362,-1,-1,8.256
gate_routing,graph,512,-1,-1,9.088
gate_routing,graph,724,-1,-1,9.216
gate_routing,graph,1024,-1,-1,9.984
gate_routing,graph,1448,-1,-1,11.008
gate_routing,graph,2048,-1,-1,13.09
finalize_copy,graph,1,-1,-1,0.736
finalize_copy,graph,2,-1,-1,0.736
finalize_copy,graph,3,-1,-1,0.768
finalize_copy,graph,4,-1,-1,0.736
finalize_copy,graph,6,-1,-1,0.768
finalize_copy,graph,8,-1,-1,0.768
finalize_copy,graph,11,-1,-1,0.768
finalize_copy,graph,16,-1,-1,0.768
finalize_copy,graph,23,-1,-1,0.768
finalize_copy,graph,32,-1,-1,0.768
finalize_copy,graph,45,-1,-1,0.736
finalize_copy,graph,64,-1,-1,0.8
finalize_copy,graph,91,-1,-1,0.832
finalize_copy,graph,128,-1,-1,0.896
finalize_copy,graph,181,-1,-1,1.024
finalize_copy,graph,256,-1,-1,0.928
finalize_copy,graph,362,-1,-1,0.992
finalize_copy,graph,512,-1,-1,1.152
finalize_copy,graph,724,-1,-1,1.408
finalize_copy,graph,1024,-1,-1,1.856
finalize_copy,graph,1448,-1,-1,2.592
finalize_copy,graph,2048,-1,-1,3.232
experts,graph,1,4,4,40.3685
experts,graph,1,0,0,13.024
experts,graph,2,4,8,40.4325
experts,graph,2,6,8,54.432
experts,graph,2,8,8,70.368
experts,graph,2,0,0,14.304
experts,graph,3,4,12,40.416000000000004
experts,graph,3,6,12,54.544000000000004
experts,graph,3,8,12,70.3845
experts,graph,3,11,12,85.20049999999999
experts,graph,3,12,12,91.4075
experts,graph,3,0,0,15.839
experts,graph,4,4,16,40.7685
experts,graph,4,6,16,54.4155
experts,graph,4,8,16,70.3365
experts,graph,4,11,16,85.0575
experts,graph,4,16,16,118.9755
experts,graph,4,0,0,16.96
experts,graph,6,4,24,42.143
experts,graph,6,6,24,55.664500000000004
experts,graph,6,8,24,70.43199999999999
experts,graph,6,11,24,85.84
experts,graph,6,16,24,119.5215
experts,graph,6,23,24,161.80700000000002
experts,graph,6,24,24,169.3265
experts,graph,6,0,0,19.712000000000003
experts,graph,8,4,32,43.247
experts,graph,8,6,32,57.6485
experts,graph,8,8,32,70.9435
experts,graph,8,11,32,87.009
experts,graph,8,16,32,120.23849999999999
experts,graph,8,23,32,163.76100000000002
experts,graph,8,32,32,219.6315
experts,graph,8,0,0,22.337000000000003
experts,graph,11,4,44,45.6635
experts,graph,11,6,44,61.104
experts,graph,11,8,44,72.864
experts,graph,11,11,44,89.056
experts,graph,11,16,44,122.1115
experts,graph,11,23,44,168.1255
experts,graph,11,32,44,222.01749999999998
experts,graph,11,44,44,296.5135
experts,graph,11,0,0,24.864
experts,graph,16,4,64,51.552499999999995
experts,graph,16,6,64,66.944
experts,graph,16,8,64,78.2735
experts,graph,16,11,64,92.28549999999998
experts,graph,16,16,64,127.5195
experts,graph,16,23,64,177.3115
experts,graph,16,32,64,228.30450000000002
experts,graph,16,45,64,311.359
experts,graph,16,64,64,426.4465
experts,graph,16,0,0,29.346
experts,graph,23,4,92,59.55199999999999
experts,graph,23,6,92,69.19999999999999
experts,graph,23,8,92,80.642
experts,graph,23,11,92,94.49549999999999
experts,graph,23,16,92,129.8555
experts,graph,23,23,92,180.1125
experts,graph,23,32,92,230.893
experts,graph,23,45,92,315.039
experts,graph,23,64,92,429.3595
experts,graph,23,0,0,31.488
experts,graph,32,4,128,60.06400000000001
experts,graph,32,6,128,70.52699999999999
experts,graph,32,8,128,81.0555
experts,graph,32,11,128,94.5435
experts,graph,32,16,128,130.24
experts,graph,32,23,128,180.914
experts,graph,32,32,128,231.8225
experts,graph,32,45,128,316.75250000000005
experts,graph,32,64,128,430.5575
experts,graph,32,0,0,31.968
experts,graph,45,4,180,47.007999999999996
experts,graph,45,6,180,57.729
experts,graph,45,8,180,70.88050000000001
experts,graph,45,11,180,90.55700000000002
experts,graph,45,16,180,125.04150000000001
experts,graph,45,23,180,168.33750000000003
experts,graph,45,32,180,228.6565
experts,graph,45,45,180,307.3905
experts,graph,45,64,180,424.6245
experts,graph,45,0,0,23.328000000000003
experts,graph,64,4,256,47.775999999999996
experts,graph,64,6,256,62.384
experts,graph,64,8,256,71.34400000000001
experts,graph,64,11,256,91.392
experts,graph,64,16,256,126.43249999999998
experts,graph,64,23,256,169.2805
experts,graph,64,32,256,229.12
experts,graph,64,45,256,308.2725
experts,graph,64,64,256,426.5245
experts,graph,64,0,0,23.806
experts,graph,91,4,364,47.07299999999999
experts,graph,91,6,364,57.42400000000001
experts,graph,91,8,364,70.94300000000001
experts,graph,91,11,364,91.297
experts,graph,91,16,364,122.36699999999999
experts,graph,91,23,364,169.23000000000002
experts,graph,91,32,364,232.0005
experts,graph,91,45,364,307.77450000000005
experts,graph,91,64,364,431.07099999999997
experts,graph,91,0,0,19.488
experts,graph,128,4,512,50.976
experts,graph,128,6,512,59.696
experts,graph,128,8,512,71.96799999999999
experts,graph,128,11,512,89.52
experts,graph,128,16,512,126.16
experts,graph,128,23,512,172.27050000000003
experts,graph,128,32,512,239.51999999999998
experts,graph,128,45,512,313.454
experts,graph,128,64,512,445.30050000000006
experts,graph,128,0,0,20.064
experts,graph,181,4,724,57.42399999999999
experts,graph,181,6,724,60.45
experts,graph,181,8,724,74.24
experts,graph,181,11,724,94.39949999999999
experts,graph,181,16,724,127.26549999999999
experts,graph,181,23,724,174.00099999999998
experts,graph,181,32,724,241.44100000000003
experts,graph,181,45,724,315.616
experts,graph,181,64,724,447.70050000000003
experts,graph,181,0,0,21.346
experts,graph,256,4,1024,74.721
experts,graph,256,6,1024,79.00699999999999
experts,graph,256,8,1024,76.39899999999999
experts,graph,256,11,1024,95.953
experts,graph,256,16,1024,130.09550000000002
experts,graph,256,23,1024,178.32049999999998
experts,graph,256,32,1024,244.368
experts,graph,256,45,1024,319.5685
experts,graph,256,64,1024,445.613
experts,graph,256,0,0,23.52
experts,graph,362,4,1448,89.92150000000001
experts,graph,362,6,1448,91.08850000000001
experts,graph,362,8,1448,90.6565
experts,graph,362,11,1448,121.424
experts,graph,362,16,1448,149.1845
experts,graph,362,23,1448,183.7285
experts,graph,362,32,1448,251.4235
experts,graph,362,45,1448,327.21450000000004
experts,graph,362,64,1448,461.46999999999997
experts,graph,362,0,0,26.909999999999997
experts,graph,512,4,2048,118.912
experts,graph,512,6,2048,121.4725
experts,graph,512,8,2048,120.2245
experts,graph,512,11,2048,126.2525
experts,graph,512,16,2048,156.24
experts,graph,512,23,2048,192.06449999999998
experts,graph,512,32,2048,258.9765
experts,graph,512,45,2048,337.4915
experts,graph,512,64,2048,473.5335
experts,graph,512,0,0,31.488
experts,graph,724,4,2896,146.494
experts,graph,724,6,2896,147.00900000000001
experts,graph,724,8,2896,147.8245
experts,graph,724,11,2896,188.99349999999998
experts,graph,724,16,2896,194.09449999999998
experts,graph,724,23,2896,206.7885
experts,graph,724,32,2896,289.85450000000003
experts,graph,724,45,2896,358.831
experts,graph,724,64,2896,500.32000000000005
experts,graph,724,0,0,41.664
experts,graph,1024,4,4096,194.04950000000002
experts,graph,1024,6,4096,202.64149999999998
experts,graph,1024,8,4096,195.36200000000002
experts,graph,1024,11,4096,200.20850000000002
experts,graph,1024,16,4096,208.57500000000002
experts,graph,1024,23,4096,240.0965
experts,graph,1024,32,4096,309.3430000000001
experts,graph,1024,45,4096,378.48049999999995
experts,graph,1024,64,4096,521.423
experts,graph,1024,0,0,51.297000000000004
experts,graph,1448,4,5792,260.513
experts,graph,1448,6,5792,263.041
experts,graph,1448,8,5792,266.129
experts,graph,1448,11,5792,271.761
experts,graph,1448,16,5792,268.6735
experts,graph,1448,23,5792,261.92
experts,graph,1448,32,5792,358.317
experts,graph,1448,45,5792,422.94499999999994
experts,graph,1448,64,5792,551.347
experts,graph,1448,0,0,62.946000000000005
experts,graph,2048,4,8192,334.97799999999995
experts,graph,2048,6,8192,337.40799999999996
experts,graph,2048,8,8192,337.777
experts,graph,2048,11,8192,345.793
experts,graph,2048,16,8192,350.7540000000001
experts,graph,2048,23,8192,362.7035
experts,graph,2048,32,8192,393.23199999999997
experts,graph,2048,45,8192,476.06450000000007
experts,graph,2048,64,8192,590.8095000000001
experts,graph,2048,0,0,83.52199999999999
experts,graph,2896,4,11584,450.5295
experts,graph,2896,6,11584,485.61749999999995
experts,graph,2896,8,11584,488.78450000000004
experts,graph,2896,11,11584,494.56199999999995
experts,graph,2896,16,11584,496.786
experts,graph,2896,23,11584,473.922
experts,graph,2896,32,11584,520.5975
experts,graph,2896,45,11584,636.18
experts,graph,2896,64,11584,688.5125
experts,graph,2896,0,0,123.29599999999999
experts,graph,4096,4,16384,676.852
experts,graph,4096,6,16384,684.547
experts,graph,4096,8,16384,679.5070000000001
experts,graph,4096,11,16384,696.2575
experts,graph,4096,16,16384,687.6975
experts,graph,4096,23,16384,716.228
experts,graph,4096,32,16384,704.8335
experts,graph,4096,45,16384,739.6035
experts,graph,4096,64,16384,783.6
experts,graph,4096,0,0,228.57600000000002
