t,prompt_throughput,gen_throughput,running,waiting,kv_cache_pct
1.0,3392.0,2.0,5,2,13.22
2.0,9045.0,79.0,16,0,39.7
3.0,11749.0,83.0,22,11,64.44
4.0,10232.0,136.0,38,4,89.33
5.0,5798.0,970.0,40,12,100.0
6.0,0.0,1522.0,39,24,99.73
7.0,0.0,1484.0,37,36,97.22
8.0,0.0,1436.0,36,50,98.26
9.0,0.0,1386.0,35,59,99.77
10.0,0.0,1310.0,33,79,98.07
11.0,0.0,1273.0,32,86,99.81
12.0,0.0,1196.0,30,97,99.3
13.0,0.0,1171.0,29,110,99.69
14.0,0.0,1088.0,27,123,99.07
15.0,0.0,1030.0,26,133,99.54
16.0,0.0,981.0,25,148,99.96
17.0,0.0,999.0,23,160,98.14
18.0,0.0,482.0,27,161,99.3
19.0,0.0,796.0,29,164,98.3
20.0,0.0,1078.0,27,181,96.64
21.0,0.0,1080.0,27,193,98.99
22.0,0.0,762.0,26,200,98.72
23.0,0.0,791.0,27,204,98.49
24.0,0.0,864.0,26,209,98.3
25.0,468.0,605.0,29,211,94.78
26.0,8526.0,448.0,34,208,95.55
27.0,7559.0,391.0,40,206,90.68
28.0,9350.0,650.0,45,208,98.96
29.0,0.0,1744.0,42,227,98.11
30.0,0.0,1576.0,41,231,99.19
31.0,0.0,1601.0,39,232,97.6
32.0,0.0,1197.0,38,231,97.72
33.0,0.0,1405.0,38,230,99.5
34.0,0.0,1385.0,37,230,99.61
35.0,0.0,1369.0,35,231,97.64
36.0,0.0,1389.0,34,232,97.41
37.0,0.0,1385.0,33,233,99.07
38.0,0.0,1327.0,32,234,99.34
39.0,0.0,1085.0,32,232,99.77
40.0,0.0,1232.0,30,234,97.95
41.0,0.0,1042.0,29,232,96.13
42.0,0.0,803.0,30,229,99.73
43.0,2959.0,918.0,32,224,99.77
44.0,0.0,1255.0,30,226,99.34
45.0,0.0,1045.0,29,226,98.22
46.0,0.0,1017.0,30,224,99.15
47.0,2222.0,933.0,31,219,94.32
48.0,3984.0,927.0,35,213,99.69
49.0,2283.0,854.0,36,208,98.34
50.0,7584.0,524.0,38,201,92.62
51.0,9196.0,378.0,48,187,99.38
52.0,3104.0,1622.0,47,187,98.69
53.0,639.0,1545.0,46,187,97.06
54.0,0.0,1643.0,45,187,98.38
55.0,0.0,1678.0,43,189,99.77
56.0,0.0,1431.0,43,188,99.92
57.0,0.0,1606.0,40,191,99.81
58.0,0.0,1513.0,38,193,99.03
59.0,0.0,1267.0,37,192,98.72
60.0,0.0,1255.0,37,191,100.0
61.0,0.0,1358.0,35,192,98.76
62.0,0.0,1342.0,34,193,99.73
63.0,0.0,1292.0,33,194,99.96
64.0,0.0,1211.0,31,195,98.11
65.0,0.0,958.0,31,192,98.92
66.0,0.0,877.0,32,187,96.17
67.0,1948.0,856.0,38,178,99.65
68.0,3832.0,1014.0,40,173,99.65
69.0,3682.0,1071.0,39,171,97.37
70.0,516.0,1398.0,38,171,97.56
71.0,2808.0,1064.0,40,166,98.34
72.0,4040.0,918.0,44,158,99.27
73.0,2626.0,1519.0,43,158,99.27
74.0,4067.0,916.0,47,149,99.61
75.0,3656.0,1400.0,49,145,99.81
76.0,0.0,1865.0,45,149,99.54
77.0,0.0,1658.0,43,150,99.96
78.0,0.0,1441.0,42,149,98.76
79.0,0.0,1363.0,42,147,99.23
80.0,0.0,1626.0,39,150,98.72
81.0,0.0,1426.0,38,150,99.54
82.0,0.0,1472.0,36,152,99.03
83.0,0.0,1322.0,34,152,96.17
84.0,0.0,961.0,37,145,98.69
85.0,1099.0,1274.0,36,144,98.88
86.0,4548.0,876.0,35,140,99.42
87.0,0.0,1331.0,33,141,98.3
88.0,963.0,1153.0,32,139,96.33
89.0,2840.0,758.0,36,131,96.75
90.0,4531.0,1017.0,37,128,99.57
91.0,1207.0,1295.0,36,125,95.32
92.0,6815.0,651.0,36,122,97.1
93.0,2930.0,1086.0,36,121,97.06
94.0,0.0,1280.0,35,120,98.18
95.0,0.0,1311.0,34,119,99.46
96.0,2895.0,989.0,34,118,97.8
97.0,0.0,1346.0,33,117,95.36
98.0,2457.0,985.0,34,115,98.34
99.0,0.0,1341.0,33,116,99.42
100.0,0.0,1319.0,32,117,99.92
101.0,0.0,1226.0,30,118,98.76
102.0,0.0,881.0,31,115,99.88
103.0,0.0,1156.0,29,115,97.91
104.0,0.0,1136.0,28,115,98.76
105.0,5419.0,442.0,29,109,99.65
106.0,1447.0,1095.0,27,110,96.52
107.0,633.0,1011.0,27,109,99.46
108.0,4487.0,399.0,32,100,99.19
109.0,2183.0,1182.0,31,100,99.5
110.0,0.0,1148.0,29,100,95.55
111.0,3179.0,867.0,32,96,98.11
112.0,1635.0,1032.0,33,93,99.57
113.0,3001.0,979.0,33,90,97.95
114.0,1581.0,1103.0,32,90,97.68
115.0,3613.0,781.0,33,87,97.95
116.0,1885.0,1072.0,35,83,97.49
117.0,0.0,1353.0,34,83,96.29
118.0,0.0,1326.0,34,83,99.5
119.0,1947.0,1066.0,33,83,96.33
120.0,0.0,1287.0,33,83,99.42
121.0,0.0,1276.0,31,85,98.8
122.0,0.0,1017.0,31,83,98.53
123.0,0.0,1008.0,30,83,96.41
124.0,0.0,1019.0,29,82,90.37
125.0,5806.0,654.0,33,76,98.99
126.0,1130.0,1109.0,32,75,98.14
127.0,1808.0,1076.0,33,72,98.45
128.0,797.0,1175.0,33,71,99.73
129.0,3296.0,934.0,33,66,96.13
130.0,1785.0,1082.0,32,66,96.1
131.0,2110.0,993.0,31,64,93.12
132.0,6457.0,571.0,34,58,98.45
133.0,3249.0,984.0,36,53,96.37
134.0,0.0,1476.0,36,53,99.96
135.0,0.0,1249.0,35,53,99.69
136.0,0.0,1312.0,33,53,95.09
137.0,0.0,1332.0,32,53,95.86
138.0,3998.0,781.0,31,52,99.92
139.0,0.0,1231.0,30,53,93.12
140.0,0.0,1221.0,29,53,94.01
141.0,0.0,797.0,28,52,99.07
142.0,0.0,1096.0,27,53,92.0
143.0,810.0,863.0,27,51,98.69
144.0,3798.0,726.0,31,45,99.34
145.0,820.0,1044.0,31,43,99.61
146.0,2651.0,906.0,32,39,99.42
147.0,2013.0,1052.0,34,35,99.57
148.0,2537.0,771.0,39,27,99.15
149.0,6390.0,914.0,42,21,98.72
150.0,921.0,1420.0,41,19,97.33
151.0,4650.0,818.0,43,14,98.88
152.0,2932.0,1228.0,42,13,98.53
153.0,0.0,1574.0,41,14,99.85
154.0,0.0,1204.0,41,13,99.38
155.0,0.0,1521.0,39,15,96.68
156.0,0.0,1475.0,38,15,96.75
157.0,0.0,1406.0,37,16,98.57
158.0,0.0,1385.0,36,17,99.42
159.0,0.0,1301.0,34,19,95.9
160.0,0.0,1292.0,34,19,99.07
161.0,0.0,1031.0,31,19,93.47
162.0,0.0,1209.0,30,19,92.81
163.0,0.0,883.0,31,15,98.38
164.0,0.0,913.0,30,13,99.5
165.0,2668.0,731.0,30,9,99.88
166.0,6486.0,512.0,32,5,97.18
167.0,2249.0,899.0,33,0,99.88
168.0,1318.0,1175.0,31,0,95.71
169.0,0.0,1184.0,27,0,82.03
170.0,0.0,1103.0,23,0,68.46
171.0,0.0,988.0,21,0,64.82
172.0,0.0,903.0,19,0,61.07
173.0,0.0,867.0,18,0,57.36
174.0,0.0,797.0,16,0,53.38
175.0,0.0,800.0,16,0,55.24
176.0,0.0,784.0,16,0,57.09
177.0,0.0,771.0,15,0,55.04
178.0,0.0,750.0,15,0,56.86
179.0,0.0,708.0,14,0,54.31
180.0,0.0,544.0,9,0,36.3
181.0,0.0,445.0,8,0,34.56
182.0,0.0,353.0,4,0,19.1
183.0,0.0,157.0,2,0,9.28
184.0,0.0,27.0,0,0,0.0
