layer,tokens,time_us
act_fn,1,8.29575
act_fn,2,12.5042
act_fn,3,11.4797
act_fn,4,12.5123
act_fn,5,12.632
act_fn,6,12.6963
act_fn,7,12.7118
act_fn,8,12.6955
act_fn,9,12.8238
act_fn,10,12.7845
act_fn,11,12.7763
act_fn,12,12.8235
act_fn,13,12.8643
act_fn,14,11.8397
act_fn,15,12.8085
act_fn,16,12.7995
act_fn,20,12.8002
act_fn,24,12.864
act_fn,28,12.8322
act_fn,32,12.9357
act_fn,36,12.96
act_fn,40,12.9597
act_fn,44,11.2
act_fn,48,13.1517
act_fn,52,13.1998
act_fn,56,13.184
act_fn,60,13.2397
act_fn,64,13.296
act_fn,80,13.3033
act_fn,96,13.4078
act_fn,112,13.8637
act_fn,128,14.072
act_fn,144,13.3442
act_fn,160,13.4722
act_fn,176,13.7927
act_fn,192,18.1762
act_fn,208,19.208
act_fn,224,19.1442
act_fn,240,16.6077
act_fn,256,14.016
act_fn,272,19
act_fn,288,19.056
act_fn,304,18.9195
act_fn,320,19.1197
act_fn,336,19.0963
act_fn,352,19.232
act_fn,368,19.457
act_fn,384,24.272
act_fn,400,24.944
act_fn,416,25.104
act_fn,432,25.0723
act_fn,448,25.3042
act_fn,464,25.648
act_fn,480,23.8963
act_fn,496,24.1445
act_fn,512,24.4558
act_fn,528,25.7283
act_fn,544,26.1357
act_fn,560,28.7197
act_fn,576,31.3843
act_fn,592,31.9763
act_fn,608,31.736
act_fn,624,31.9845
act_fn,640,32.3837
act_fn,656,31.8715
act_fn,672,32.0965
act_fn,688,32.1517
act_fn,704,32.3998
act_fn,720,32.5755
act_fn,736,32.8167
act_fn,752,33.1442
act_fn,768,36.5035
act_fn,784,36.904
act_fn,800,37.2805
act_fn,816,37.624
act_fn,832,36.8162
act_fn,848,31.8395
act_fn,864,32.064
act_fn,880,32.2645
act_fn,896,32.5598
act_fn,912,41.7843
act_fn,928,42.1757
act_fn,944,40.8962
act_fn,960,41.5682
act_fn,976,42.408
act_fn,992,43.1842
act_fn,1008,44.456
act_fn,1024,45.3038
act_fn,1040,44.2638
act_fn,1056,44.6
act_fn,1072,44.832
act_fn,1088,45.0078
act_fn,1104,45.2082
act_fn,1120,45.6167
act_fn,1136,48.032
act_fn,1152,48.6562
act_fn,1168,49.216
act_fn,1184,49.736
act_fn,1200,49.8078
act_fn,1216,50.456
act_fn,1232,50.824
act_fn,1248,51.9605
act_fn,1264,51.8885
act_fn,1280,52.1043
act_fn,1296,68.832
act_fn,1312,71.2085
act_fn,1328,72.1927
act_fn,1344,73.7205
act_fn,1360,74.3923
act_fn,1376,75.8958
act_fn,1392,77.9605
act_fn,1408,78.8963
act_fn,1424,62.464
act_fn,1440,59.0325
act_fn,1456,59.8077
act_fn,1472,60.4002
act_fn,1488,60.4723
act_fn,1504,61.272
act_fn,1520,62.376
act_fn,1536,62.8638
act_fn,1552,92.096
act_fn,1568,93.2405
act_fn,1584,93.0802
act_fn,1600,94.041
act_fn,1616,96.2883
act_fn,1632,97.7842
act_fn,1648,99.192
act_fn,1664,99.2955
act_fn,1680,69.112
act_fn,1696,67.0563
act_fn,1712,69.4085
act_fn,1728,69.7125
act_fn,1744,69.9838
act_fn,1760,69.768
act_fn,1776,71.2637
act_fn,1792,72.1118
act_fn,1808,120.36
act_fn,1824,125.272
act_fn,1840,127.016
act_fn,1856,127.785
act_fn,1872,129.28
act_fn,1888,129.608
act_fn,1904,131.561
act_fn,1920,132.416
act_fn,1936,136.521
act_fn,1952,137.368
act_fn,1968,138.768
act_fn,1984,139.544
act_fn,2000,143.712
act_fn,2016,144.76
act_fn,2032,146.288
act_fn,2048,147.008
attn_glue,1,29.119
attn_glue,2,27.613
attn_glue,3,28.482
attn_glue,4,28.928
attn_glue,5,28.641
attn_glue,6,28.672
attn_glue,7,28.673
attn_glue,8,28.48
attn_glue,9,28.992
attn_glue,10,28.702
attn_glue,11,28.67
attn_glue,12,28.576
attn_glue,13,28.768
attn_glue,14,28.702
attn_glue,15,28.738
attn_glue,16,28.542
attn_glue,20,27.805
attn_glue,24,27.874
attn_glue,28,28.097
attn_glue,32,27.712
attn_glue,36,27.712
attn_glue,40,27.586
attn_glue,44,27.68
attn_glue,48,27.774
attn_glue,52,27.806
attn_glue,56,27.773
attn_glue,60,27.84
attn_glue,64,27.68
attn_glue,80,28.384
attn_glue,96,28.609
attn_glue,112,29.791
attn_glue,128,29.889
attn_glue,144,30.306
attn_glue,160,30.369
attn_glue,176,30.433
attn_glue,192,31.074
attn_glue,208,31.008
attn_glue,224,32.257
attn_glue,240,32.453
attn_glue,256,31.715
attn_glue,272,31.939
attn_glue,288,33.085
attn_glue,304,32.096
attn_glue,320,33.537
attn_glue,336,32.771
attn_glue,352,32.995
attn_glue,368,35.104
attn_glue,384,36.447
attn_glue,400,35.997
attn_glue,416,35.007
attn_glue,432,36.674
attn_glue,448,36.895
attn_glue,464,36.446
attn_glue,480,35.907
attn_glue,496,36.994
attn_glue,512,37.79
attn_glue,528,35.454
attn_glue,544,35.585
attn_glue,560,38.975
attn_glue,576,37.216
attn_glue,592,37.539
attn_glue,608,37.38
attn_glue,624,36.224
attn_glue,640,37.122
attn_glue,656,37.376
attn_glue,672,37.664
attn_glue,688,37.438
attn_glue,704,38.628
attn_glue,720,39.36
attn_glue,736,39.137
attn_glue,752,38.497
attn_glue,768,39.007
attn_glue,784,39.84
attn_glue,800,40.064
attn_glue,816,40.545
attn_glue,832,41.054
attn_glue,848,40.61
attn_glue,864,40.864
attn_glue,880,40.896
attn_glue,896,41.184
attn_glue,912,41.12
attn_glue,928,41.984
attn_glue,944,42.144
attn_glue,960,41.889
attn_glue,976,43.169
attn_glue,992,42.498
attn_glue,1008,42.849
attn_glue,1024,42.786
attn_glue,1040,43.777
attn_glue,1056,43.81
attn_glue,1072,43.806
attn_glue,1088,44.223
attn_glue,1104,44.129
attn_glue,1120,43.937
attn_glue,1136,44.319
attn_glue,1152,45.089
attn_glue,1168,46.305
attn_glue,1184,48.478
attn_glue,1200,46.56
attn_glue,1216,47.902
attn_glue,1232,47.968
attn_glue,1248,47.999
attn_glue,1264,48.352
attn_glue,1280,47.679
attn_glue,1296,49.791
attn_glue,1312,51.359
attn_glue,1328,50.912
attn_glue,1344,50.593
attn_glue,1360,50.496
attn_glue,1376,52.19
attn_glue,1392,50.53
attn_glue,1408,52.191
attn_glue,1424,51.839
attn_glue,1440,52.003
attn_glue,1456,52.418
attn_glue,1472,52.191
attn_glue,1488,52.801
attn_glue,1504,52.319
attn_glue,1520,53.443
attn_glue,1536,53.248
attn_glue,1552,53.345
attn_glue,1568,54.081
attn_glue,1584,54.144
attn_glue,1600,52.672
attn_glue,1616,53.473
attn_glue,1632,51.681
attn_glue,1648,54.399
attn_glue,1664,53.921
attn_glue,1680,57.983
attn_glue,1696,59.04
attn_glue,1712,59.135
attn_glue,1728,60.03
attn_glue,1744,60.032
attn_glue,1760,59.133
attn_glue,1776,59.649
attn_glue,1792,60.253
attn_glue,1808,59.359
attn_glue,1824,59.81
attn_glue,1840,60.575
attn_glue,1856,59.999
attn_glue,1872,61.184
attn_glue,1888,60.802
attn_glue,1904,61.502
attn_glue,1920,62.592
attn_glue,1936,58.272
attn_glue,1952,58.238
attn_glue,1968,56.897
attn_glue,1984,57.856
attn_glue,2000,59.551
attn_glue,2016,58.718
attn_glue,2032,59.552
attn_glue,2048,59.236
down_proj,1,189.441
down_proj,2,191.288
down_proj,3,191.233
down_proj,4,191.24
down_proj,5,191.137
down_proj,6,192.137
down_proj,7,192.041
down_proj,8,192
down_proj,9,199.105
down_proj,10,199.856
down_proj,11,200.513
down_proj,12,199.657
down_proj,13,200.464
down_proj,14,201.344
down_proj,15,201.28
down_proj,16,199.801
down_proj,20,197.68
down_proj,24,198.848
down_proj,28,199.257
down_proj,32,198.952
down_proj,36,209.409
down_proj,40,208.496
down_proj,44,209.569
down_proj,48,209.705
down_proj,52,209.944
down_proj,56,210.153
down_proj,60,210.416
down_proj,64,210.896
down_proj,80,208.786
down_proj,96,211.369
down_proj,112,229.88
down_proj,128,229.576
down_proj,144,240.672
down_proj,160,240.24
down_proj,176,257.072
down_proj,192,257.32
down_proj,208,258.489
down_proj,224,258.985
down_proj,240,259.768
down_proj,256,261.888
down_proj,272,311.145
down_proj,288,312.369
down_proj,304,311.737
down_proj,320,312.248
down_proj,336,312.48
down_proj,352,312.041
down_proj,368,312.416
down_proj,384,313.32
down_proj,400,420.392
down_proj,416,422.28
down_proj,432,415.201
down_proj,448,414.792
down_proj,464,416.632
down_proj,480,418.393
down_proj,496,418.848
down_proj,512,419.93
down_proj,528,525.697
down_proj,544,525.352
down_proj,560,525.545
down_proj,576,533.312
down_proj,592,532.736
down_proj,608,532.552
down_proj,624,533.936
down_proj,640,533.145
down_proj,656,561.721
down_proj,672,564.121
down_proj,688,563.705
down_proj,704,562.8
down_proj,720,562.64
down_proj,736,563.761
down_proj,752,562.497
down_proj,768,565.04
down_proj,784,639.009
down_proj,800,640.353
down_proj,816,640.025
down_proj,832,640.577
down_proj,848,642.913
down_proj,864,643.889
down_proj,880,642.889
down_proj,896,644.216
down_proj,912,773.993
down_proj,928,774.977
down_proj,944,774.312
down_proj,960,775.985
down_proj,976,776.176
down_proj,992,777.018
down_proj,1008,778.666
down_proj,1024,780.273
down_proj,1040,818.026
down_proj,1056,818.25
down_proj,1072,818.569
down_proj,1088,817.001
down_proj,1104,819.426
down_proj,1120,819.77
down_proj,1136,820.616
down_proj,1152,821.129
down_proj,1168,997.354
down_proj,1184,997.082
down_proj,1200,998.139
down_proj,1216,999.329
down_proj,1232,997.954
down_proj,1248,1000.77
down_proj,1264,1000.99
down_proj,1280,1003.89
down_proj,1296,1018.74
down_proj,1312,1018.24
down_proj,1328,1018.65
down_proj,1344,1019.97
down_proj,1360,1020.61
down_proj,1376,1022.67
down_proj,1392,1023.62
down_proj,1408,1023.44
down_proj,1424,1081.8
down_proj,1440,1083.63
down_proj,1456,1086.06
down_proj,1472,1085.72
down_proj,1488,1086.93
down_proj,1504,1074.53
down_proj,1520,1088.05
down_proj,1536,1088.94
down_proj,1552,1177.5
down_proj,1568,1184.43
down_proj,1584,1176.73
down_proj,1600,1170.72
down_proj,1616,1178.47
down_proj,1632,1176.76
down_proj,1648,1178.33
down_proj,1664,1154.99
down_proj,1680,1179.35
down_proj,1696,1202.3
down_proj,1712,1199.38
down_proj,1728,1198.51
down_proj,1744,1200.07
down_proj,1760,1171.08
down_proj,1776,1199.38
down_proj,1792,1201.63
down_proj,1808,1319.38
down_proj,1824,1307.16
down_proj,1840,1311.65
down_proj,1856,1299.4
down_proj,1872,1319.67
down_proj,1888,1318.9
down_proj,1904,1336.6
down_proj,1920,1350.25
down_proj,1936,1488.56
down_proj,1952,1473.29
down_proj,1968,1519.97
down_proj,1984,1498.73
down_proj,2000,1495.4
down_proj,2016,1500.12
down_proj,2032,1517.85
down_proj,2048,1521.14
embedding,1,9.824
embedding,2,10.688
embedding,3,11.231
embedding,4,11.967
embedding,5,12.991
embedding,6,13.792
embedding,7,14.432
embedding,8,14.272
embedding,9,16.256
embedding,10,16.959
embedding,11,17.632
embedding,12,18.272
embedding,13,19.329
embedding,14,20.064
embedding,15,20.544
embedding,16,20.575
embedding,20,9.472
embedding,24,8.768
embedding,28,9.57
embedding,32,8.705
embedding,36,9.376
embedding,40,8.895
embedding,44,9.504
embedding,48,9.12
embedding,52,9.696
embedding,56,9.025
embedding,60,9.792
embedding,64,9.119
embedding,80,9.824
embedding,96,10.047
embedding,112,10.56
embedding,128,11.008
embedding,144,12.352
embedding,160,12.672
embedding,176,13.027
embedding,192,13.44
embedding,208,13.568
embedding,224,13.375
embedding,240,13.504
embedding,256,13.632
embedding,272,14.813
embedding,288,14.656
embedding,304,15.008
embedding,320,14.977
embedding,336,15.232
embedding,352,15.264
embedding,368,15.486
embedding,384,15.713
embedding,400,16.736
embedding,416,16.864
embedding,432,16.991
embedding,448,16.927
embedding,464,16.926
embedding,480,17.408
embedding,496,17.314
embedding,512,17.441
embedding,528,17.407
embedding,544,17.536
embedding,560,17.697
embedding,576,17.858
embedding,592,18.016
embedding,608,18.111
embedding,624,18.303
embedding,640,18.335
embedding,656,18.656
embedding,672,18.688
embedding,688,18.848
embedding,704,19.134
embedding,720,19.072
embedding,736,19.232
embedding,752,19.521
embedding,768,19.808
embedding,784,19.774
embedding,800,19.744
embedding,816,19.905
embedding,832,20
embedding,848,20.288
embedding,864,20.545
embedding,880,20.576
embedding,896,20.736
embedding,912,20.897
embedding,928,20.961
embedding,944,20.958
embedding,960,20.767
embedding,976,20.992
embedding,992,20.797
embedding,1008,20.992
embedding,1024,21.536
embedding,1040,21.567
embedding,1056,21.792
embedding,1072,22.176
embedding,1088,22.304
embedding,1104,22.367
embedding,1120,22.272
embedding,1136,22.785
embedding,1152,22.848
embedding,1168,22.945
embedding,1184,23.072
embedding,1200,23.584
embedding,1216,23.455
embedding,1232,23.327
embedding,1248,24.064
embedding,1264,24.223
embedding,1280,23.936
embedding,1296,23.872
embedding,1312,24.16
embedding,1328,24.577
embedding,1344,24.32
embedding,1360,24.863
embedding,1376,24.737
embedding,1392,24.992
embedding,1408,25.184
embedding,1424,25.055
embedding,1440,25.536
embedding,1456,26.176
embedding,1472,25.952
embedding,1488,26.208
embedding,1504,26.462
embedding,1520,26.368
embedding,1536,26.178
embedding,1552,27.136
embedding,1568,26.72
embedding,1584,25.857
embedding,1600,25.95
embedding,1616,26.177
embedding,1632,26.336
embedding,1648,27.904
embedding,1664,27.777
embedding,1680,28.352
embedding,1696,26.464
embedding,1712,26.592
embedding,1728,26.496
embedding,1744,26.945
embedding,1760,26.657
embedding,1776,27.263
embedding,1792,27.008
embedding,1808,27.104
embedding,1824,29.087
embedding,1840,29.407
embedding,1856,29.087
embedding,1872,29.12
embedding,1888,29.344
embedding,1904,29.119
embedding,1920,29.758
embedding,1936,30.432
embedding,1952,29.758
embedding,1968,30.687
embedding,1984,30.272
embedding,2000,30.786
embedding,2016,31.424
embedding,2032,30.976
embedding,2048,31.552
final_layernorm,1,18.6563
final_layernorm,2,20.939
final_layernorm,3,20.8747
final_layernorm,4,21.8987
final_layernorm,5,21.814
final_layernorm,6,21.302
final_layernorm,7,21.4517
final_layernorm,8,22.902
final_layernorm,9,22.9013
final_layernorm,10,23.0827
final_layernorm,11,23.136
final_layernorm,12,23.1573
final_layernorm,13,23.572
final_layernorm,14,23.787
final_layernorm,15,24.2033
final_layernorm,16,27.1353
final_layernorm,20,27.6803
final_layernorm,24,27.4877
final_layernorm,28,28.1723
final_layernorm,32,27.796
final_layernorm,36,28.3933
final_layernorm,40,28.8217
final_layernorm,44,29.1947
final_layernorm,48,29.3007
final_layernorm,52,29.471
final_layernorm,56,29.4513
final_layernorm,60,30.152
final_layernorm,64,30.0907
final_layernorm,80,30.6773
final_layernorm,96,31.4033
final_layernorm,112,32.512
final_layernorm,128,33.451
final_layernorm,144,34.3867
final_layernorm,160,35.4233
final_layernorm,176,35.0813
final_layernorm,192,37.4503
final_layernorm,208,38.0703
final_layernorm,224,38.241
final_layernorm,240,42.1667
final_layernorm,256,42.4437
final_layernorm,272,43.9583
final_layernorm,288,44.1063
final_layernorm,304,45.6637
final_layernorm,320,46.891
final_layernorm,336,47.2853
final_layernorm,352,47.84
final_layernorm,368,49.942
final_layernorm,384,49.7587
final_layernorm,400,50.7847
final_layernorm,416,51.2107
final_layernorm,432,53.1627
final_layernorm,448,53.131
final_layernorm,464,55.9047
final_layernorm,480,57.9097
final_layernorm,496,59.403
final_layernorm,512,59.0187
final_layernorm,528,61.2797
final_layernorm,544,60.31
final_layernorm,560,60.5557
final_layernorm,576,61.8147
final_layernorm,592,63.2753
final_layernorm,608,65.2583
final_layernorm,624,64.8957
final_layernorm,640,65.4297
final_layernorm,656,67.243
final_layernorm,672,67.5727
final_layernorm,688,70.3787
final_layernorm,704,70.39
final_layernorm,720,72.907
final_layernorm,736,73.3437
final_layernorm,752,73.9413
final_layernorm,768,72.4593
final_layernorm,784,74.8267
final_layernorm,800,76.9587
final_layernorm,816,77.8667
final_layernorm,832,79.4027
final_layernorm,848,80.5447
final_layernorm,864,81.024
final_layernorm,880,82.6027
final_layernorm,896,82.2317
final_layernorm,912,83.4243
final_layernorm,928,85.6417
final_layernorm,944,89.0143
final_layernorm,960,88.5007
final_layernorm,976,87.617
final_layernorm,992,90.378
final_layernorm,1008,91.9263
final_layernorm,1024,92.0653
final_layernorm,1040,90.2617
final_layernorm,1056,92.874
final_layernorm,1072,92.565
final_layernorm,1088,95.1787
final_layernorm,1104,96.853
final_layernorm,1120,96.6197
final_layernorm,1136,98.9773
final_layernorm,1152,100.886
final_layernorm,1168,102.111
final_layernorm,1184,101.12
final_layernorm,1200,104.203
final_layernorm,1216,106.07
final_layernorm,1232,104.822
final_layernorm,1248,108.245
final_layernorm,1264,109.046
final_layernorm,1280,108.47
final_layernorm,1296,110.144
final_layernorm,1312,112.246
final_layernorm,1328,112.918
final_layernorm,1344,117.056
final_layernorm,1360,116.918
final_layernorm,1376,119.745
final_layernorm,1392,122.282
final_layernorm,1408,123.541
final_layernorm,1424,122.891
final_layernorm,1440,125.517
final_layernorm,1456,126.507
final_layernorm,1472,127.307
final_layernorm,1488,129.505
final_layernorm,1504,131.051
final_layernorm,1520,134.262
final_layernorm,1536,134.752
final_layernorm,1552,138.517
final_layernorm,1568,139.864
final_layernorm,1584,140.938
final_layernorm,1600,141.046
final_layernorm,1616,142.145
final_layernorm,1632,143.819
final_layernorm,1648,140.374
final_layernorm,1664,141.174
final_layernorm,1680,149.964
final_layernorm,1696,148.192
final_layernorm,1712,151.222
final_layernorm,1728,150.86
final_layernorm,1744,151.833
final_layernorm,1760,156.267
final_layernorm,1776,156.833
final_layernorm,1792,158.112
final_layernorm,1808,160.203
final_layernorm,1824,162.228
final_layernorm,1840,162.785
final_layernorm,1856,167.041
final_layernorm,1872,166.038
final_layernorm,1888,164.492
final_layernorm,1904,164.79
final_layernorm,1920,171.777
final_layernorm,1936,172.747
final_layernorm,1952,173.121
final_layernorm,1968,175.841
final_layernorm,1984,177.57
final_layernorm,2000,179.373
final_layernorm,2016,183.104
final_layernorm,2032,183.041
final_layernorm,2048,184.641
gate_up_proj,1,380.729
gate_up_proj,2,397.887
gate_up_proj,3,398.481
gate_up_proj,4,399.969
gate_up_proj,5,400.465
gate_up_proj,6,400.881
gate_up_proj,7,401.904
gate_up_proj,8,401.4
gate_up_proj,9,402.232
gate_up_proj,10,402.4
gate_up_proj,11,403.009
gate_up_proj,12,403.37
gate_up_proj,13,403.761
gate_up_proj,14,403.6
gate_up_proj,15,403.761
gate_up_proj,16,405.889
gate_up_proj,20,412.441
gate_up_proj,24,417.52
gate_up_proj,28,418.592
gate_up_proj,32,420.392
gate_up_proj,36,407.049
gate_up_proj,40,409.257
gate_up_proj,44,410.417
gate_up_proj,48,410.96
gate_up_proj,52,414.441
gate_up_proj,56,414.608
gate_up_proj,60,417.353
gate_up_proj,64,417.664
gate_up_proj,80,448.817
gate_up_proj,96,454.969
gate_up_proj,112,468.937
gate_up_proj,128,473.433
gate_up_proj,144,521.824
gate_up_proj,160,528.233
gate_up_proj,176,489.811
gate_up_proj,192,493.544
gate_up_proj,208,498.258
gate_up_proj,224,500.161
gate_up_proj,240,504.505
gate_up_proj,256,508.497
gate_up_proj,272,701.208
gate_up_proj,288,705.673
gate_up_proj,304,703.282
gate_up_proj,320,706.921
gate_up_proj,336,684.809
gate_up_proj,352,690.681
gate_up_proj,368,686.305
gate_up_proj,384,688.73
gate_up_proj,400,861.553
gate_up_proj,416,863.48
gate_up_proj,432,759.001
gate_up_proj,448,760.481
gate_up_proj,464,762.297
gate_up_proj,480,766.161
gate_up_proj,496,772.561
gate_up_proj,512,774.329
gate_up_proj,528,955.097
gate_up_proj,544,955.129
gate_up_proj,560,953.626
gate_up_proj,576,948.273
gate_up_proj,592,952.049
gate_up_proj,608,953.577
gate_up_proj,624,955.25
gate_up_proj,640,957.354
gate_up_proj,656,1178.19
gate_up_proj,672,1178.7
gate_up_proj,688,1182.82
gate_up_proj,704,1184.15
gate_up_proj,720,1181.73
gate_up_proj,736,1181.79
gate_up_proj,752,1183.97
gate_up_proj,768,1189.69
gate_up_proj,784,1340.19
gate_up_proj,800,1345.82
gate_up_proj,816,1346.18
gate_up_proj,832,1349.13
gate_up_proj,848,1363.48
gate_up_proj,864,1364.7
gate_up_proj,880,1365.15
gate_up_proj,896,1369.31
gate_up_proj,912,1415.54
gate_up_proj,928,1415.83
gate_up_proj,944,1417.19
gate_up_proj,960,1414.47
gate_up_proj,976,1416.83
gate_up_proj,992,1417.83
gate_up_proj,1008,1421.56
gate_up_proj,1024,1418.42
gate_up_proj,1040,1674.64
gate_up_proj,1056,1678.1
gate_up_proj,1072,1676.79
gate_up_proj,1088,1677.89
gate_up_proj,1104,1682.37
gate_up_proj,1120,1684.9
gate_up_proj,1136,1684.89
gate_up_proj,1152,1688.35
gate_up_proj,1168,1841.2
gate_up_proj,1184,1842.74
gate_up_proj,1200,1844.72
gate_up_proj,1216,1848.81
gate_up_proj,1232,1847.53
gate_up_proj,1248,1851.87
gate_up_proj,1264,1854.91
gate_up_proj,1280,1858.46
gate_up_proj,1296,1853.2
gate_up_proj,1312,1852.6
gate_up_proj,1328,1853.38
gate_up_proj,1344,1855.57
gate_up_proj,1360,1854.4
gate_up_proj,1376,1856.47
gate_up_proj,1392,1859.44
gate_up_proj,1408,1856.4
gate_up_proj,1424,2205.04
gate_up_proj,1440,2212.77
gate_up_proj,1456,2216.47
gate_up_proj,1472,2220.12
gate_up_proj,1488,2218.48
gate_up_proj,1504,2202.13
gate_up_proj,1520,2226.24
gate_up_proj,1536,2226.19
gate_up_proj,1552,2275.19
gate_up_proj,1568,2290.71
gate_up_proj,1584,2267.05
gate_up_proj,1600,2263.7
gate_up_proj,1616,2268.15
gate_up_proj,1632,2297.88
gate_up_proj,1648,2279.04
gate_up_proj,1664,2226.75
gate_up_proj,1680,2625.67
gate_up_proj,1696,2668.64
gate_up_proj,1712,2659.77
gate_up_proj,1728,2661.82
gate_up_proj,1744,2669.94
gate_up_proj,1760,2603.55
gate_up_proj,1776,2663.93
gate_up_proj,1792,2665.6
gate_up_proj,1808,2660.68
gate_up_proj,1824,2640.6
gate_up_proj,1840,2647.59
gate_up_proj,1856,2615.99
gate_up_proj,1872,2661.67
gate_up_proj,1888,2669.85
gate_up_proj,1904,2703.46
gate_up_proj,1920,2726.04
gate_up_proj,1936,2684.56
gate_up_proj,1952,2658.68
gate_up_proj,1968,2739.51
gate_up_proj,1984,2708.63
gate_up_proj,2000,2698.64
gate_up_proj,2016,2698.5
gate_up_proj,2032,2738.13
gate_up_proj,2048,2747.54
gdn_glue,1,2.50667
gdn_glue,2,72.8187
gdn_glue,3,73.5797
gdn_glue,4,73.803
gdn_glue,5,73.8883
gdn_glue,6,74.646
gdn_glue,7,75.1773
gdn_glue,8,74.887
gdn_glue,9,75.6183
gdn_glue,10,75.1993
gdn_glue,11,76.5887
gdn_glue,12,76.1927
gdn_glue,13,77.3127
gdn_glue,14,76.6093
gdn_glue,15,76.5763
gdn_glue,16,76.586
gdn_glue,20,80.632
gdn_glue,24,80.97
gdn_glue,28,80.3403
gdn_glue,32,80.0857
gdn_glue,36,80.0968
gdn_glue,40,80.6042
gdn_glue,44,80.3138
gdn_glue,48,80.5753
gdn_glue,52,80.607
gdn_glue,56,80.7235
gdn_glue,60,81.141
gdn_glue,64,81.0283
gdn_glue,80,80.9012
gdn_glue,96,81.3855
gdn_glue,112,81.5985
gdn_glue,128,81.7865
gdn_glue,144,82.56
gdn_glue,160,83.2808
gdn_glue,176,81.674
gdn_glue,192,82.7857
gdn_glue,208,83.4718
gdn_glue,224,84.6672
gdn_glue,240,84.9823
gdn_glue,256,85.7235
gdn_glue,272,84.8492
gdn_glue,288,84.6673
gdn_glue,304,85.344
gdn_glue,320,85.9355
gdn_glue,336,85.7765
gdn_glue,352,87.312
gdn_glue,368,89.9045
gdn_glue,384,90.306
gdn_glue,400,90.3128
gdn_glue,416,91.957
gdn_glue,432,92.6648
gdn_glue,448,94.0235
gdn_glue,464,94.3548
gdn_glue,480,94.9417
gdn_glue,496,95.8962
gdn_glue,512,95.928
gdn_glue,528,94.9188
gdn_glue,544,95.8407
gdn_glue,560,94.825
gdn_glue,576,95.357
gdn_glue,592,96.8977
gdn_glue,608,97.694
gdn_glue,624,98.4743
gdn_glue,640,97.9737
gdn_glue,656,99.5265
gdn_glue,672,99.9918
gdn_glue,688,99.9423
gdn_glue,704,100.151
gdn_glue,720,100.118
gdn_glue,736,100.702
gdn_glue,752,101.541
gdn_glue,768,104.858
gdn_glue,784,104.423
gdn_glue,800,102.919
gdn_glue,816,103.66
gdn_glue,832,102.981
gdn_glue,848,104.332
gdn_glue,864,105.297
gdn_glue,880,105.952
gdn_glue,896,105.893
gdn_glue,912,106.766
gdn_glue,928,106.826
gdn_glue,944,106.481
gdn_glue,960,106.233
gdn_glue,976,107.007
gdn_glue,992,107.761
gdn_glue,1008,108.444
gdn_glue,1024,108.751
gdn_glue,1040,112.523
gdn_glue,1056,112.348
gdn_glue,1072,114.353
gdn_glue,1088,116.149
gdn_glue,1104,115.985
gdn_glue,1120,116.39
gdn_glue,1136,115.833
gdn_glue,1152,117.858
gdn_glue,1168,120.855
gdn_glue,1184,122.056
gdn_glue,1200,122.305
gdn_glue,1216,121.078
gdn_glue,1232,123.925
gdn_glue,1248,126.131
gdn_glue,1264,126.613
gdn_glue,1280,128.395
gdn_glue,1296,130.142
gdn_glue,1312,127.971
gdn_glue,1328,128.875
gdn_glue,1344,131.721
gdn_glue,1360,131.683
gdn_glue,1376,133.738
gdn_glue,1392,134.092
gdn_glue,1408,135.255
gdn_glue,1424,140.472
gdn_glue,1440,140.444
gdn_glue,1456,141.406
gdn_glue,1472,141.352
gdn_glue,1488,145.521
gdn_glue,1504,147.36
gdn_glue,1520,148.772
gdn_glue,1536,150.071
gdn_glue,1552,152.356
gdn_glue,1568,153.778
gdn_glue,1584,155.815
gdn_glue,1600,156.826
gdn_glue,1616,158.499
gdn_glue,1632,160.173
gdn_glue,1648,162.454
gdn_glue,1664,163.307
gdn_glue,1680,164.731
gdn_glue,1696,160.921
gdn_glue,1712,161.172
gdn_glue,1728,162.154
gdn_glue,1744,162.669
gdn_glue,1760,162.923
gdn_glue,1776,164.283
gdn_glue,1792,164.256
gdn_glue,1808,166.362
gdn_glue,1824,171.718
gdn_glue,1840,172.694
gdn_glue,1856,174.16
gdn_glue,1872,174.34
gdn_glue,1888,174.091
gdn_glue,1904,177.067
gdn_glue,1920,176.41
gdn_glue,1936,174.913
gdn_glue,1952,176.02
gdn_glue,1968,177.311
gdn_glue,1984,176.363
gdn_glue,2000,178.07
gdn_glue,2016,177.621
gdn_glue,2032,178.346
gdn_glue,2048,179.498
gdn_in_proj,1,198.069
gdn_in_proj,2,276.533
gdn_in_proj,3,275.574
gdn_in_proj,4,277.717
gdn_in_proj,5,275.83
gdn_in_proj,6,277.344
gdn_in_proj,7,276.577
gdn_in_proj,8,276.491
gdn_in_proj,9,200.32
gdn_in_proj,10,200.937
gdn_in_proj,11,200.384
gdn_in_proj,12,200.128
gdn_in_proj,13,200.853
gdn_in_proj,14,200.723
gdn_in_proj,15,203.2
gdn_in_proj,16,201.451
gdn_in_proj,20,221.355
gdn_in_proj,24,218.549
gdn_in_proj,28,219.937
gdn_in_proj,32,223.68
gdn_in_proj,36,215.831
gdn_in_proj,40,215.958
gdn_in_proj,44,217.249
gdn_in_proj,48,216.065
gdn_in_proj,52,212.171
gdn_in_proj,56,214.603
gdn_in_proj,60,213.548
gdn_in_proj,64,209.93
gdn_in_proj,80,232.246
gdn_in_proj,96,226.666
gdn_in_proj,112,246.614
gdn_in_proj,128,251.264
gdn_in_proj,144,285.323
gdn_in_proj,160,288.118
gdn_in_proj,176,271.296
gdn_in_proj,192,279.968
gdn_in_proj,208,279.361
gdn_in_proj,224,279.234
gdn_in_proj,240,277.631
gdn_in_proj,256,278.336
gdn_in_proj,272,354.187
gdn_in_proj,288,353.621
gdn_in_proj,304,354.539
gdn_in_proj,320,354.945
gdn_in_proj,336,368.619
gdn_in_proj,352,371.468
gdn_in_proj,368,371.2
gdn_in_proj,384,373.281
gdn_in_proj,400,416.885
gdn_in_proj,416,418.102
gdn_in_proj,432,419.905
gdn_in_proj,448,421.911
gdn_in_proj,464,424.406
gdn_in_proj,480,430.731
gdn_in_proj,496,430.165
gdn_in_proj,512,433.377
gdn_in_proj,528,534.977
gdn_in_proj,544,536.267
gdn_in_proj,560,493.281
gdn_in_proj,576,493.782
gdn_in_proj,592,493.996
gdn_in_proj,608,494.219
gdn_in_proj,624,495.02
gdn_in_proj,640,496.171
gdn_in_proj,656,643.062
gdn_in_proj,672,645.387
gdn_in_proj,688,665.047
gdn_in_proj,704,666.306
gdn_in_proj,720,668.94
gdn_in_proj,736,670.507
gdn_in_proj,752,672.577
gdn_in_proj,768,669.984
gdn_in_proj,784,678.016
gdn_in_proj,800,679.02
gdn_in_proj,816,679.244
gdn_in_proj,832,682.06
gdn_in_proj,848,690.069
gdn_in_proj,864,693.259
gdn_in_proj,880,694.688
gdn_in_proj,896,694.688
gdn_in_proj,912,758.027
gdn_in_proj,928,758.295
gdn_in_proj,944,759.97
gdn_in_proj,960,760.107
gdn_in_proj,976,760.385
gdn_in_proj,992,761.675
gdn_in_proj,1008,764.887
gdn_in_proj,1024,766.072
gdn_in_proj,1040,864.896
gdn_in_proj,1056,865.911
gdn_in_proj,1072,865.73
gdn_in_proj,1088,866.721
gdn_in_proj,1104,867.915
gdn_in_proj,1120,868.918
gdn_in_proj,1136,868.994
gdn_in_proj,1152,870.55
gdn_in_proj,1168,955.949
gdn_in_proj,1184,956.802
gdn_in_proj,1200,950.765
gdn_in_proj,1216,950.849
gdn_in_proj,1232,951.287
gdn_in_proj,1248,952.14
gdn_in_proj,1264,951.34
gdn_in_proj,1280,951.307
gdn_in_proj,1296,959.437
gdn_in_proj,1312,960.535
gdn_in_proj,1328,958.926
gdn_in_proj,1344,960.502
gdn_in_proj,1360,960.097
gdn_in_proj,1376,963.935
gdn_in_proj,1392,966.371
gdn_in_proj,1408,966.998
gdn_in_proj,1424,1186.73
gdn_in_proj,1440,1191.8
gdn_in_proj,1456,1192.42
gdn_in_proj,1472,1193.12
gdn_in_proj,1488,1188.95
gdn_in_proj,1504,1185.83
gdn_in_proj,1520,1192.93
gdn_in_proj,1536,1194.73
gdn_in_proj,1552,1198.11
gdn_in_proj,1568,1201.95
gdn_in_proj,1584,1202.39
gdn_in_proj,1600,1197.62
gdn_in_proj,1616,1204.76
gdn_in_proj,1632,1206.06
gdn_in_proj,1648,1210.53
gdn_in_proj,1664,1190.97
gdn_in_proj,1680,1234.95
gdn_in_proj,1696,1239.63
gdn_in_proj,1712,1237.3
gdn_in_proj,1728,1238.7
gdn_in_proj,1744,1240.42
gdn_in_proj,1760,1219.71
gdn_in_proj,1776,1242.83
gdn_in_proj,1792,1244.93
gdn_in_proj,1808,1336.56
gdn_in_proj,1824,1338.73
gdn_in_proj,1840,1340.09
gdn_in_proj,1856,1316.17
gdn_in_proj,1872,1343.38
gdn_in_proj,1888,1342.65
gdn_in_proj,1904,1366.58
gdn_in_proj,1920,1375.95
gdn_in_proj,1936,1394.85
gdn_in_proj,1952,1390.2
gdn_in_proj,1968,1422.35
gdn_in_proj,1984,1417.51
gdn_in_proj,2000,1397.35
gdn_in_proj,2016,1416.14
gdn_in_proj,2032,1427.62
gdn_in_proj,2048,1428.76
gdn_norm,1,4.41567
gdn_norm,2,4.47967
gdn_norm,3,4.50167
gdn_norm,4,4.629
gdn_norm,5,4.95967
gdn_norm,6,4.94933
gdn_norm,7,5.03567
gdn_norm,8,5.16267
gdn_norm,9,5.333
gdn_norm,10,5.216
gdn_norm,11,5.24867
gdn_norm,12,5.21533
gdn_norm,13,5.28
gdn_norm,14,5.312
gdn_norm,15,5.28
gdn_norm,16,5.493
gdn_norm,20,5.57833
gdn_norm,24,5.65233
gdn_norm,28,5.55733
gdn_norm,32,5.93067
gdn_norm,36,5.95167
gdn_norm,40,5.963
gdn_norm,44,5.952
gdn_norm,48,5.995
gdn_norm,52,5.99467
gdn_norm,56,6.123
gdn_norm,60,6.03733
gdn_norm,64,6.048
gdn_norm,80,6.06867
gdn_norm,96,6.30333
gdn_norm,112,6.272
gdn_norm,128,6.40067
gdn_norm,144,6.624
gdn_norm,160,6.71967
gdn_norm,176,6.74133
gdn_norm,192,6.86933
gdn_norm,208,7.04067
gdn_norm,224,7.18933
gdn_norm,240,7.498
gdn_norm,256,7.62667
gdn_norm,272,7.83967
gdn_norm,288,7.92467
gdn_norm,304,8.06433
gdn_norm,320,8.223
gdn_norm,336,8.45867
gdn_norm,352,8.69367
gdn_norm,368,8.85367
gdn_norm,384,9.08833
gdn_norm,400,9.15233
gdn_norm,416,9.408
gdn_norm,432,9.46133
gdn_norm,448,9.69633
gdn_norm,464,9.888
gdn_norm,480,10.1757
gdn_norm,496,10.3143
gdn_norm,512,10.454
gdn_norm,528,10.6133
gdn_norm,544,10.8477
gdn_norm,560,10.8593
gdn_norm,576,11.1897
gdn_norm,592,12.0427
gdn_norm,608,11.7437
gdn_norm,624,12.2453
gdn_norm,640,12.501
gdn_norm,656,12.2027
gdn_norm,672,12.309
gdn_norm,688,13.056
gdn_norm,704,13.142
gdn_norm,720,13.2267
gdn_norm,736,13.611
gdn_norm,752,13.6
gdn_norm,768,13.781
gdn_norm,784,13.7173
gdn_norm,800,13.9833
gdn_norm,816,14.176
gdn_norm,832,14.2077
gdn_norm,848,15.2853
gdn_norm,864,15.4563
gdn_norm,880,15.6377
gdn_norm,896,16.203
gdn_norm,912,16.352
gdn_norm,928,16.2453
gdn_norm,944,16.704
gdn_norm,960,16.811
gdn_norm,976,17.0877
gdn_norm,992,17.098
gdn_norm,1008,17.7283
gdn_norm,1024,17.397
gdn_norm,1040,16.7463
gdn_norm,1056,16.8433
gdn_norm,1072,16.8537
gdn_norm,1088,17.1097
gdn_norm,1104,17.323
gdn_norm,1120,17.7597
gdn_norm,1136,17.5143
gdn_norm,1152,17.8027
gdn_norm,1168,18.091
gdn_norm,1184,18.5067
gdn_norm,1200,18.3043
gdn_norm,1216,18.357
gdn_norm,1232,18.571
gdn_norm,1248,18.8057
gdn_norm,1264,19.083
gdn_norm,1280,19.1573
gdn_norm,1296,19.3177
gdn_norm,1312,20.171
gdn_norm,1328,20.458
gdn_norm,1344,19.8823
gdn_norm,1360,20.011
gdn_norm,1376,20.1067
gdn_norm,1392,20.6607
gdn_norm,1408,20.8107
gdn_norm,1424,21.4403
gdn_norm,1440,21.141
gdn_norm,1456,21.4827
gdn_norm,1472,21.6323
gdn_norm,1488,21.8027
gdn_norm,1504,22.0267
gdn_norm,1520,22.3047
gdn_norm,1536,22.6877
gdn_norm,1552,22.6453
gdn_norm,1568,22.965
gdn_norm,1584,23.2323
gdn_norm,1600,23.3077
gdn_norm,1616,23.5303
gdn_norm,1632,23.702
gdn_norm,1648,23.7967
gdn_norm,1664,24.0107
gdn_norm,1680,24.1387
gdn_norm,1696,24.192
gdn_norm,1712,24.1493
gdn_norm,1728,24.5337
gdn_norm,1744,24.4793
gdn_norm,1760,24.6083
gdn_norm,1776,24.693
gdn_norm,1792,24.8213
gdn_norm,1808,24.16
gdn_norm,1824,25.0777
gdn_norm,1840,25.013
gdn_norm,1856,24.9703
gdn_norm,1872,25.7493
gdn_norm,1888,25.1943
gdn_norm,1904,25.771
gdn_norm,1920,26.0153
gdn_norm,1936,25.9413
gdn_norm,1952,26.0587
gdn_norm,1968,26.4853
gdn_norm,1984,26.9117
gdn_norm,2000,26.667
gdn_norm,2016,26.8693
gdn_norm,2032,27.1257
gdn_norm,2048,27.7973
gdn_out_proj,1,73.024
gdn_out_proj,2,78.9113
gdn_out_proj,3,78.6243
gdn_out_proj,4,79.2317
gdn_out_proj,5,78.677
gdn_out_proj,6,79.148
gdn_out_proj,7,79.7333
gdn_out_proj,8,79.6687
gdn_out_proj,9,79.7227
gdn_out_proj,10,79.584
gdn_out_proj,11,80.0643
gdn_out_proj,12,80.7353
gdn_out_proj,13,80.448
gdn_out_proj,14,80.6827
gdn_out_proj,15,80.309
gdn_out_proj,16,81.206
gdn_out_proj,20,87.242
gdn_out_proj,24,86.7623
gdn_out_proj,28,87.5947
gdn_out_proj,32,89.184
gdn_out_proj,36,84.4057
gdn_out_proj,40,84.8857
gdn_out_proj,44,86.5703
gdn_out_proj,48,86.4217
gdn_out_proj,52,87.7117
gdn_out_proj,56,88.0323
gdn_out_proj,60,89.1843
gdn_out_proj,64,89.6637
gdn_out_proj,80,95.0613
gdn_out_proj,96,98.8483
gdn_out_proj,112,93.568
gdn_out_proj,128,93.5037
gdn_out_proj,144,91.7123
gdn_out_proj,160,96.4907
gdn_out_proj,176,91.712
gdn_out_proj,192,92.3843
gdn_out_proj,208,99.275
gdn_out_proj,224,111.52
gdn_out_proj,240,108.085
gdn_out_proj,256,108.565
gdn_out_proj,272,149.75
gdn_out_proj,288,149.739
gdn_out_proj,304,149.867
gdn_out_proj,320,150.026
gdn_out_proj,336,150.155
gdn_out_proj,352,149.611
gdn_out_proj,368,141.003
gdn_out_proj,384,141.035
gdn_out_proj,400,171.659
gdn_out_proj,416,171.66
gdn_out_proj,432,171.819
gdn_out_proj,448,171.861
gdn_out_proj,464,171.82
gdn_out_proj,480,171.691
gdn_out_proj,496,172.554
gdn_out_proj,512,171.744
gdn_out_proj,528,180.054
gdn_out_proj,544,178.55
gdn_out_proj,560,179.83
gdn_out_proj,576,179.21
gdn_out_proj,592,231.137
gdn_out_proj,608,232.47
gdn_out_proj,624,232.513
gdn_out_proj,640,233.302
gdn_out_proj,656,235.789
gdn_out_proj,672,235.787
gdn_out_proj,688,236.449
gdn_out_proj,704,236.278
gdn_out_proj,720,236.565
gdn_out_proj,736,236.652
gdn_out_proj,752,236.79
gdn_out_proj,768,237.142
gdn_out_proj,784,286.731
gdn_out_proj,800,286.838
gdn_out_proj,816,287.521
gdn_out_proj,832,287.819
gdn_out_proj,848,290.059
gdn_out_proj,864,289.814
gdn_out_proj,880,290.667
gdn_out_proj,896,290.166
gdn_out_proj,912,289.334
gdn_out_proj,928,289.75
gdn_out_proj,944,289.664
gdn_out_proj,960,294.39
gdn_out_proj,976,293.856
gdn_out_proj,992,293.75
gdn_out_proj,1008,294.092
gdn_out_proj,1024,294.518
gdn_out_proj,1040,294.838
gdn_out_proj,1056,295.573
gdn_out_proj,1072,295.937
gdn_out_proj,1088,295.605
gdn_out_proj,1104,296.736
gdn_out_proj,1120,296.128
gdn_out_proj,1136,296.598
gdn_out_proj,1152,296.118
gdn_out_proj,1168,428.395
gdn_out_proj,1184,428.695
gdn_out_proj,1200,436.855
gdn_out_proj,1216,436.652
gdn_out_proj,1232,437.623
gdn_out_proj,1248,438.496
gdn_out_proj,1264,439.456
gdn_out_proj,1280,440.299
gdn_out_proj,1296,439.658
gdn_out_proj,1312,439.702
gdn_out_proj,1328,440.407
gdn_out_proj,1344,441.003
gdn_out_proj,1360,441.996
gdn_out_proj,1376,442.326
gdn_out_proj,1392,442.828
gdn_out_proj,1408,442.465
gdn_out_proj,1424,444.245
gdn_out_proj,1440,445.814
gdn_out_proj,1456,446.506
gdn_out_proj,1472,446.198
gdn_out_proj,1488,446.038
gdn_out_proj,1504,442.807
gdn_out_proj,1520,447.467
gdn_out_proj,1536,448.192
gdn_out_proj,1552,465.878
gdn_out_proj,1568,470.624
gdn_out_proj,1584,466.73
gdn_out_proj,1600,463.702
gdn_out_proj,1616,471.03
gdn_out_proj,1632,469.92
gdn_out_proj,1648,471.521
gdn_out_proj,1664,464.331
gdn_out_proj,1680,468.3
gdn_out_proj,1696,472.972
gdn_out_proj,1712,473.836
gdn_out_proj,1728,474.305
gdn_out_proj,1744,474.017
gdn_out_proj,1760,467.147
gdn_out_proj,1776,474.849
gdn_out_proj,1792,475.318
gdn_out_proj,1808,539.68
gdn_out_proj,1824,538.156
gdn_out_proj,1840,538.07
gdn_out_proj,1856,533.026
gdn_out_proj,1872,542.338
gdn_out_proj,1888,540.974
gdn_out_proj,1904,545.472
gdn_out_proj,1920,550.742
gdn_out_proj,1936,555.211
gdn_out_proj,1952,551.841
gdn_out_proj,1968,565.43
gdn_out_proj,1984,567.351
gdn_out_proj,2000,556.886
gdn_out_proj,2016,560.417
gdn_out_proj,2032,565.59
gdn_out_proj,2048,570.647
layernorm,1,18.2655
layernorm,2,20.3628
layernorm,3,20.2509
layernorm,4,21.167
layernorm,5,21.083
layernorm,6,21.0856
layernorm,7,21.0535
layernorm,8,22.6991
layernorm,9,22.7924
layernorm,10,22.7933
layernorm,11,22.782
layernorm,12,22.8203
layernorm,13,23.2293
layernorm,14,23.5108
layernorm,15,23.4746
layernorm,16,26.7323
layernorm,20,27.0347
layernorm,24,26.9225
layernorm,28,27.4245
layernorm,32,27.2151
layernorm,36,27.6945
layernorm,40,28.0763
layernorm,44,28.5265
layernorm,48,28.7165
layernorm,52,28.869
layernorm,56,28.932
layernorm,60,29.4131
layernorm,64,29.3788
layernorm,80,30.1296
layernorm,96,30.7753
layernorm,112,31.5877
layernorm,128,32.5231
layernorm,144,33.5875
layernorm,160,34.5357
layernorm,176,34.408
layernorm,192,36.2493
layernorm,208,37.146
layernorm,224,37.5589
layernorm,240,41.2003
layernorm,256,41.515
layernorm,272,43.2203
layernorm,288,43.6963
layernorm,304,45.2766
layernorm,320,46.0804
layernorm,336,46.6441
layernorm,352,47.4551
layernorm,368,49.2211
layernorm,384,49.3535
layernorm,400,50.4286
layernorm,416,51.7332
layernorm,432,52.8337
layernorm,448,53.0058
layernorm,464,54.9132
layernorm,480,57.576
layernorm,496,59.17
layernorm,512,59.0627
layernorm,528,61.0203
layernorm,544,60.0193
layernorm,560,60.3413
layernorm,576,62.4945
layernorm,592,63.4645
layernorm,608,66.0034
layernorm,624,65.6934
layernorm,640,66.0466
layernorm,656,69.013
layernorm,672,68.5719
layernorm,688,71.0247
layernorm,704,71.0655
layernorm,720,73.3898
layernorm,736,73.4737
layernorm,752,75.6803
layernorm,768,74.5539
layernorm,784,75.3708
layernorm,800,76.2979
layernorm,816,78.8215
layernorm,832,79.4584
layernorm,848,80.8242
layernorm,864,81.2838
layernorm,880,83.9005
layernorm,896,84.0536
layernorm,912,84.3532
layernorm,928,86.8462
layernorm,944,88.6701
layernorm,960,89.1096
layernorm,976,88.0751
layernorm,992,90.1058
layernorm,1008,91.1737
layernorm,1024,93.0258
layernorm,1040,92.1311
layernorm,1056,94.0577
layernorm,1072,94.7073
layernorm,1088,96.2483
layernorm,1104,97.4605
layernorm,1120,97.3807
layernorm,1136,99.9552
layernorm,1152,101.006
layernorm,1168,102.047
layernorm,1184,101.887
layernorm,1200,105.119
layernorm,1216,107.297
layernorm,1232,106.93
layernorm,1248,108.283
layernorm,1264,108.943
layernorm,1280,108.006
layernorm,1296,110.014
layernorm,1312,112.508
layernorm,1328,113.862
layernorm,1344,116.752
layernorm,1360,116.678
layernorm,1376,120.094
layernorm,1392,121.311
layernorm,1408,122.031
layernorm,1424,122.162
layernorm,1440,123.125
layernorm,1456,123.166
layernorm,1472,125.189
layernorm,1488,127.585
layernorm,1504,127.75
layernorm,1520,130.311
layernorm,1536,133.271
layernorm,1552,133.695
layernorm,1568,134.644
layernorm,1584,137.177
layernorm,1600,136.906
layernorm,1616,138.126
layernorm,1632,139.423
layernorm,1648,140.925
layernorm,1664,141.343
layernorm,1680,144.101
layernorm,1696,144.219
layernorm,1712,145.825
layernorm,1728,147.449
layernorm,1744,147.618
layernorm,1760,148.768
layernorm,1776,149.628
layernorm,1792,151.37
layernorm,1808,153.25
layernorm,1824,154.677
layernorm,1840,155.276
layernorm,1856,156.849
layernorm,1872,157.782
layernorm,1888,159.457
layernorm,1904,161.052
layernorm,1920,163.854
layernorm,1936,165.833
layernorm,1952,166.553
layernorm,1968,169.261
layernorm,1984,170.162
layernorm,2000,172.045
layernorm,2016,175.632
layernorm,2032,176.665
layernorm,2048,177.841
o_proj,1,72.513
o_proj,2,78.911
o_proj,3,78.016
o_proj,4,77.216
o_proj,5,77.312
o_proj,6,78.016
o_proj,7,76.735
o_proj,8,78.4
o_proj,9,77.376
o_proj,10,78.784
o_proj,11,79.264
o_proj,12,78.656
o_proj,13,78.304
o_proj,14,78.242
o_proj,15,78.751
o_proj,16,78.656
o_proj,20,86.75
o_proj,24,88.258
o_proj,28,85.728
o_proj,32,86.465
o_proj,36,79.328
o_proj,40,79.839
o_proj,44,79.488
o_proj,48,80.352
o_proj,52,80.832
o_proj,56,81.12
o_proj,60,81.184
o_proj,64,81.183
o_proj,80,88.992
o_proj,96,91.905
o_proj,112,90.656
o_proj,128,91.329
o_proj,144,87.777
o_proj,160,90.816
o_proj,176,89.632
o_proj,192,92.705
o_proj,208,102.112
o_proj,224,116.096
o_proj,240,113.569
o_proj,256,120.29
o_proj,272,151.52
o_proj,288,149.697
o_proj,304,151.232
o_proj,320,149.888
o_proj,336,151.617
o_proj,352,151.841
o_proj,368,152.769
o_proj,384,151.2
o_proj,400,175.585
o_proj,416,174.977
o_proj,432,174.399
o_proj,448,181.055
o_proj,464,174.368
o_proj,480,173.952
o_proj,496,183.137
o_proj,512,176.128
o_proj,528,179.552
o_proj,544,180.576
o_proj,560,179.745
o_proj,576,180.096
o_proj,592,233.377
o_proj,608,233.793
o_proj,624,233.216
o_proj,640,233.473
o_proj,656,237.599
o_proj,672,237.728
o_proj,688,238.752
o_proj,704,240.224
o_proj,720,241.631
o_proj,736,242.304
o_proj,752,241.504
o_proj,768,241.983
o_proj,784,287.968
o_proj,800,285.921
o_proj,816,284.352
o_proj,832,290.816
o_proj,848,287.265
o_proj,864,286.752
o_proj,880,290.048
o_proj,896,285.313
o_proj,912,284.577
o_proj,928,284.865
o_proj,944,286.593
o_proj,960,288.801
o_proj,976,291.552
o_proj,992,291.872
o_proj,1008,293.664
o_proj,1024,292.896
o_proj,1040,297.056
o_proj,1056,296.897
o_proj,1072,295.168
o_proj,1088,296.225
o_proj,1104,296.161
o_proj,1120,296.864
o_proj,1136,299.968
o_proj,1152,296.96
o_proj,1168,425.632
o_proj,1184,427.456
o_proj,1200,435.391
o_proj,1216,436.159
o_proj,1232,436.736
o_proj,1248,437.28
o_proj,1264,439.874
o_proj,1280,439.552
o_proj,1296,440.512
o_proj,1312,442.304
o_proj,1328,442.561
o_proj,1344,442.304
o_proj,1360,443.041
o_proj,1376,442.816
o_proj,1392,444.834
o_proj,1408,447.009
o_proj,1424,449.793
o_proj,1440,445.857
o_proj,1456,446.208
o_proj,1472,446.56
o_proj,1488,446.53
o_proj,1504,438.785
o_proj,1520,447.935
o_proj,1536,447.936
o_proj,1552,459.071
o_proj,1568,469.217
o_proj,1584,459.456
o_proj,1600,460.545
o_proj,1616,460.321
o_proj,1632,458.306
o_proj,1648,462.336
o_proj,1664,452.93
o_proj,1680,463.105
o_proj,1696,473.408
o_proj,1712,473.985
o_proj,1728,473.249
o_proj,1744,475.297
o_proj,1760,456.832
o_proj,1776,475.587
o_proj,1792,476.704
o_proj,1808,540.257
o_proj,1824,530.305
o_proj,1840,530.433
o_proj,1856,530.465
o_proj,1872,533.185
o_proj,1888,542.338
o_proj,1904,542.143
o_proj,1920,554.72
o_proj,1936,565.538
o_proj,1952,554.784
o_proj,1968,576.257
o_proj,1984,563.938
o_proj,2000,586.273
o_proj,2016,565.217
o_proj,2032,575.712
o_proj,2048,576.992
qk_norm_rope,1,6.655
qk_norm_rope,2,6.752
qk_norm_rope,3,6.625
qk_norm_rope,4,6.528
qk_norm_rope,5,6.688
qk_norm_rope,6,6.784
qk_norm_rope,7,6.56
qk_norm_rope,8,6.624
qk_norm_rope,9,6.592
qk_norm_rope,10,6.816
qk_norm_rope,11,6.816
qk_norm_rope,12,6.624
qk_norm_rope,13,7.104
qk_norm_rope,14,6.879
qk_norm_rope,15,7.008
qk_norm_rope,16,7.521
qk_norm_rope,20,7.584
qk_norm_rope,24,7.552
qk_norm_rope,28,6.816
qk_norm_rope,32,7.616
qk_norm_rope,36,7.68
qk_norm_rope,40,7.681
qk_norm_rope,44,7.264
qk_norm_rope,48,7.328
qk_norm_rope,52,7.808
qk_norm_rope,56,7.776
qk_norm_rope,60,7.873
qk_norm_rope,64,7.872
qk_norm_rope,80,8.094
qk_norm_rope,96,8.736
qk_norm_rope,112,8.865
qk_norm_rope,128,9.344
qk_norm_rope,144,9.857
qk_norm_rope,160,10.368
qk_norm_rope,176,10.815
qk_norm_rope,192,11.585
qk_norm_rope,208,12.063
qk_norm_rope,224,12.512
qk_norm_rope,240,12.864
qk_norm_rope,256,13.408
qk_norm_rope,272,13.631
qk_norm_rope,288,14.081
qk_norm_rope,304,14.496
qk_norm_rope,320,14.945
qk_norm_rope,336,15.457
qk_norm_rope,352,15.648
qk_norm_rope,368,16.096
qk_norm_rope,384,16.448
qk_norm_rope,400,16.994
qk_norm_rope,416,17.567
qk_norm_rope,432,18.015
qk_norm_rope,448,18.401
qk_norm_rope,464,18.784
qk_norm_rope,480,19.392
qk_norm_rope,496,19.713
qk_norm_rope,512,20.16
qk_norm_rope,528,20.384
qk_norm_rope,544,20.768
qk_norm_rope,560,21.216
qk_norm_rope,576,21.568
qk_norm_rope,592,22.016
qk_norm_rope,608,22.335
qk_norm_rope,624,22.657
qk_norm_rope,640,23.168
qk_norm_rope,656,23.455
qk_norm_rope,672,24.032
qk_norm_rope,688,24.384
qk_norm_rope,704,24.927
qk_norm_rope,720,26.432
qk_norm_rope,736,26.848
qk_norm_rope,752,27.648
qk_norm_rope,768,26.592
qk_norm_rope,784,27.169
qk_norm_rope,800,27.393
qk_norm_rope,816,27.872
qk_norm_rope,832,28.224
qk_norm_rope,848,28.8
qk_norm_rope,864,29.376
qk_norm_rope,880,29.6
qk_norm_rope,896,30.047
qk_norm_rope,912,30.368
qk_norm_rope,928,30.881
qk_norm_rope,944,31.008
qk_norm_rope,960,31.552
qk_norm_rope,976,31.969
qk_norm_rope,992,32.512
qk_norm_rope,1008,32.96
qk_norm_rope,1024,33.088
qk_norm_rope,1040,33.792
qk_norm_rope,1056,34.209
qk_norm_rope,1072,34.624
qk_norm_rope,1088,35.071
qk_norm_rope,1104,35.552
qk_norm_rope,1120,35.871
qk_norm_rope,1136,36.192
qk_norm_rope,1152,36.672
qk_norm_rope,1168,37.12
qk_norm_rope,1184,37.696
qk_norm_rope,1200,37.887
qk_norm_rope,1216,38.528
qk_norm_rope,1232,38.848
qk_norm_rope,1248,39.232
qk_norm_rope,1264,39.585
qk_norm_rope,1280,40.065
qk_norm_rope,1296,40.384
qk_norm_rope,1312,40.897
qk_norm_rope,1328,41.28
qk_norm_rope,1344,41.696
qk_norm_rope,1360,42.112
qk_norm_rope,1376,42.432
qk_norm_rope,1392,42.816
qk_norm_rope,1408,43.328
qk_norm_rope,1424,44.256
qk_norm_rope,1440,44.13
qk_norm_rope,1456,44.736
qk_norm_rope,1472,45.088
qk_norm_rope,1488,45.824
qk_norm_rope,1504,46.08
qk_norm_rope,1520,46.591
qk_norm_rope,1536,47.2
qk_norm_rope,1552,46.656
qk_norm_rope,1568,47.584
qk_norm_rope,1584,47.936
qk_norm_rope,1600,48.161
qk_norm_rope,1616,48.64
qk_norm_rope,1632,49.024
qk_norm_rope,1648,49.568
qk_norm_rope,1664,49.6
qk_norm_rope,1680,49.536
qk_norm_rope,1696,50.625
qk_norm_rope,1712,50.911
qk_norm_rope,1728,51.616
qk_norm_rope,1744,51.807
qk_norm_rope,1760,51.264
qk_norm_rope,1776,52.544
qk_norm_rope,1792,53.248
qk_norm_rope,1808,52.416
qk_norm_rope,1824,52.577
qk_norm_rope,1840,53.248
qk_norm_rope,1856,52.864
qk_norm_rope,1872,53.952
qk_norm_rope,1888,54.464
qk_norm_rope,1904,55.328
qk_norm_rope,1920,56.384
qk_norm_rope,1936,56.096
qk_norm_rope,1952,56.096
qk_norm_rope,1968,57.6
qk_norm_rope,1984,56.864
qk_norm_rope,2000,59.265
qk_norm_rope,2016,57.6
qk_norm_rope,2032,59.295
qk_norm_rope,2048,59.872
qkv_proj,1,152.96
qkv_proj,2,156.672
qkv_proj,3,156.287
qkv_proj,4,157.729
qkv_proj,5,157.697
qkv_proj,6,157.088
qkv_proj,7,159.968
qkv_proj,8,158.112
qkv_proj,9,157.377
qkv_proj,10,156.128
qkv_proj,11,159.454
qkv_proj,12,156.545
qkv_proj,13,157.312
qkv_proj,14,158.592
qkv_proj,15,157.985
qkv_proj,16,157.825
qkv_proj,20,175.712
qkv_proj,24,175.552
qkv_proj,28,172.672
qkv_proj,32,177.536
qkv_proj,36,175.52
qkv_proj,40,175.681
qkv_proj,44,176.385
qkv_proj,48,175.49
qkv_proj,52,175.168
qkv_proj,56,174.88
qkv_proj,60,175.296
qkv_proj,64,172.001
qkv_proj,80,182.88
qkv_proj,96,180.769
qkv_proj,112,194.848
qkv_proj,128,187.072
qkv_proj,144,220.416
qkv_proj,160,211.648
qkv_proj,176,218.656
qkv_proj,192,216.737
qkv_proj,208,215.488
qkv_proj,224,215.777
qkv_proj,240,229.631
qkv_proj,256,227.2
qkv_proj,272,261.73
qkv_proj,288,264.705
qkv_proj,304,264.608
qkv_proj,320,265.024
qkv_proj,336,266.114
qkv_proj,352,265.377
qkv_proj,368,267.362
qkv_proj,384,265.889
qkv_proj,400,337.408
qkv_proj,416,338.208
qkv_proj,432,342.242
qkv_proj,448,339.168
qkv_proj,464,342.592
qkv_proj,480,346.081
qkv_proj,496,346.274
qkv_proj,512,347.391
qkv_proj,528,438.913
qkv_proj,544,440.577
qkv_proj,560,441.825
qkv_proj,576,440.096
qkv_proj,592,438.273
qkv_proj,608,439.554
qkv_proj,624,458.176
qkv_proj,640,459.04
qkv_proj,656,457.825
qkv_proj,672,458.337
qkv_proj,688,461.825
qkv_proj,704,463.073
qkv_proj,720,468.96
qkv_proj,736,466.753
qkv_proj,752,467.777
qkv_proj,768,468.256
qkv_proj,784,639.872
qkv_proj,800,640.578
qkv_proj,816,642.274
qkv_proj,832,638.975
qkv_proj,848,643.201
qkv_proj,864,644.896
qkv_proj,880,646.145
qkv_proj,896,645.599
qkv_proj,912,649.6
qkv_proj,928,651.97
qkv_proj,944,647.009
qkv_proj,960,650.178
qkv_proj,976,650.208
qkv_proj,992,648.609
qkv_proj,1008,655.137
qkv_proj,1024,651.296
qkv_proj,1040,723.907
qkv_proj,1056,721.922
qkv_proj,1072,721.856
qkv_proj,1088,722.528
qkv_proj,1104,723.329
qkv_proj,1120,721.187
qkv_proj,1136,724.32
qkv_proj,1152,724.418
qkv_proj,1168,725.828
qkv_proj,1184,728.481
qkv_proj,1200,725.697
qkv_proj,1216,728.801
qkv_proj,1232,728.289
qkv_proj,1248,729.058
qkv_proj,1264,730.08
qkv_proj,1280,730.274
qkv_proj,1296,839.458
qkv_proj,1312,837.792
qkv_proj,1328,836.77
qkv_proj,1344,833.986
qkv_proj,1360,836.001
qkv_proj,1376,837.666
qkv_proj,1392,837.122
qkv_proj,1408,838.242
qkv_proj,1424,909.921
qkv_proj,1440,906.786
qkv_proj,1456,907.043
qkv_proj,1472,907.712
qkv_proj,1488,911.169
qkv_proj,1504,900.258
qkv_proj,1520,911.521
qkv_proj,1536,912.195
qkv_proj,1552,901.76
qkv_proj,1568,914.882
qkv_proj,1584,905.442
qkv_proj,1600,901.218
qkv_proj,1616,905.122
qkv_proj,1632,906.594
qkv_proj,1648,919.841
qkv_proj,1664,904.577
qkv_proj,1680,1137.38
qkv_proj,1696,1153.57
qkv_proj,1712,1150.91
qkv_proj,1728,1151.59
qkv_proj,1744,1153.38
qkv_proj,1760,1122.02
qkv_proj,1776,1156.39
qkv_proj,1792,1160.29
qkv_proj,1808,1137.47
qkv_proj,1824,1118.5
qkv_proj,1840,1126.27
qkv_proj,1856,1117.06
qkv_proj,1872,1128.03
qkv_proj,1888,1141.89
qkv_proj,1904,1151.87
qkv_proj,1920,1168.9
qkv_proj,1936,1179.26
qkv_proj,1952,1162.24
qkv_proj,1968,1198.15
qkv_proj,1984,1178.79
qkv_proj,2000,1179.49
qkv_proj,2016,1180.16
qkv_proj,2032,1201.86
qkv_proj,2048,1202.95
