kv_cache_size,prefill_chunk_size,prediction
0,32,14943
0,64,15639
0,96,15951
0,128,16110
0,160,16110
0,192,16110
0,224,16110
0,256,17904
0,288,59502
0,320,79539
0,352,93573
0,384,104253
0,416,110781
0,448,115236
0,480,118599
0,512,120504
0,544,122550
0,576,124794
0,608,127692
0,640,132657
0,672,175755
0,704,189369
0,736,193098
0,768,194604
0,800,195642
0,832,196215
0,864,196344
0,896,196479
0,928,202647
0,960,203676
0,992,203901
0,1024,203997
0,1056,203997
0,1088,203997
0,1120,203997
0,1152,203997
0,1184,203997
0,1216,203997
0,1248,203997
0,1280,203997
0,1312,203997
0,1344,203997
0,1376,203997
0,1408,203997
0,1440,203997
0,1472,203997
0,1504,203997
0,1536,203997
0,1568,203997
0,1600,203997
0,1632,203997
0,1664,203997
0,1696,203997
0,1728,203997
0,1760,203997
0,1792,203997
0,1824,203997
0,1856,203997
0,1888,203997
0,1920,203997
0,1952,203997
0,1984,203997
0,2016,203997
0,2048,203997
0,2080,203997
0,2112,203997
0,2144,203997
0,2176,203997
0,2208,203997
0,2240,203997
0,2272,203997
0,2304,203997
0,2336,203997
0,2368,203997
0,2400,203997
0,2432,203997
0,2464,203997
0,2496,203997
0,2528,203997
0,2560,203997
0,2592,203997
0,2624,203997
0,2656,203997
0,2688,203997
0,2720,203997
0,2752,203997
0,2784,203997
0,2816,203997
0,2848,203997
0,2880,203997
0,2912,203997
0,2944,203997
0,2976,203997
0,3008,203997
0,3040,203997
0,3072,203997
0,3104,203997
0,3136,203997
0,3168,203997
0,3200,203997
0,3232,203997
0,3264,203997
0,3296,203997
0,3328,203997
0,3360,203997
0,3392,203997
0,3424,203997
0,3456,203997
0,3488,203997
0,3520,203997
0,3552,203997
0,3584,203997
0,3616,203997
0,3648,203997
0,3680,203997
0,3712,203997
0,3744,203997
0,3776,203997
0,3808,203997
0,3840,203997
0,3872,203997
0,3904,203997
0,3936,203997
0,3968,203997
0,4000,203997
0,4032,203997
0,4064,203997
0,4096,203997
64,32,17364
64,64,18150
64,96,18405
64,128,18543
64,160,18543
64,192,18543
64,224,18543
64,256,20304
64,288,60702
64,320,80241
64,352,93987
64,384,104523
64,416,111030
64,448,115440
64,480,118794
64,512,120690
64,544,122727
64,576,124968
64,608,127836
64,640,132798
64,672,175887
64,704,189501
64,736,193230
64,768,194736
64,800,195774
64,832,196347
64,864,196476
64,896,196611
64,928,202779
64,960,203808
64,992,204033
64,1024,204129
64,1056,204129
64,1088,204129
64,1120,204129
64,1152,204129
64,1184,204129
64,1216,204129
64,1248,204129
64,1280,204129
64,1312,204129
64,1344,204129
64,1376,204129
64,1408,204129
64,1440,204129
64,1472,204129
64,1504,204129
64,1536,204129
64,1568,204129
64,1600,204129
64,1632,204129
64,1664,204129
64,1696,204129
64,1728,204129
64,1760,204129
64,1792,204129
64,1824,204129
64,1856,204129
64,1888,204129
64,1920,204129
64,1952,204129
64,1984,204129
64,2016,204129
64,2048,204129
64,2080,204129
64,2112,204129
64,2144,204129
64,2176,204129
64,2208,204129
64,2240,204129
64,2272,204129
64,2304,204129
64,2336,204129
64,2368,204129
64,2400,204129
64,2432,204129
64,2464,204129
64,2496,204129
64,2528,204129
64,2560,204129
64,2592,204129
64,2624,204129
64,2656,204129
64,2688,204129
64,2720,204129
64,2752,204129
64,2784,204129
64,2816,204129
64,2848,204129
64,2880,204129
64,2912,204129
64,2944,204129
64,2976,204129
64,3008,204129
64,3040,204129
64,3072,204129
64,3104,204129
64,3136,204129
64,3168,204129
64,3200,204129
64,3232,204129
64,3264,204129
64,3296,204129
64,3328,204129
64,3360,204129
64,3392,204129
64,3424,204129
64,3456,204129
64,3488,204129
64,3520,204129
64,3552,204129
64,3584,204129
64,3616,204129
64,3648,204129
64,3680,204129
64,3712,204129
64,3744,204129
64,3776,204129
64,3808,204129
64,3840,204129
64,3872,204129
64,3904,204129
64,3936,204129
64,3968,204129
64,4000,204129
64,4032,204129
64,4064,204129
64,4096,204129
128,32,27312
128,64,27615
128,96,28038
128,128,29304
128,160,30018
128,192,30063
128,224,30063
128,256,31593
128,288,66252
128,320,83448
128,352,96075
128,384,105927
128,416,112179
128,448,116460
128,480,119712
128,512,121551
128,544,123510
128,576,125670
128,608,128448
128,640,133389
128,672,176415
128,704,190005
128,736,193734
128,768,195240
128,800,196278
128,832,196851
128,864,196983
128,896,197115
128,928,203286
128,960,204312
128,992,204537
128,1024,204633
128,1056,204633
128,1088,204633
128,1120,204633
128,1152,204633
128,1184,204633
128,1216,204633
128,1248,204633
128,1280,204633
128,1312,204633
128,1344,204633
128,1376,204633
128,1408,204633
128,1440,204633
128,1472,204633
128,1504,204633
128,1536,204633
128,1568,204633
128,1600,204633
128,1632,204633
128,1664,204633
128,1696,204633
128,1728,204633
128,1760,204633
128,1792,204633
128,1824,204633
128,1856,204633
128,1888,204633
128,1920,204633
128,1952,204633
128,1984,204633
128,2016,204633
128,2048,204633
128,2080,204633
128,2112,204633
128,2144,204633
128,2176,204633
128,2208,204633
128,2240,204633
128,2272,204633
128,2304,204633
128,2336,204633
128,2368,204633
128,2400,204633
128,2432,204633
128,2464,204633
128,2496,204633
128,2528,204633
128,2560,204633
128,2592,204633
128,2624,204633
128,2656,204633
128,2688,204633
128,2720,204633
128,2752,204633
128,2784,204633
128,2816,204633
128,2848,204633
128,2880,204633
128,2912,204633
128,2944,204633
128,2976,204633
128,3008,204633
128,3040,204633
128,3072,204633
128,3104,204633
128,3136,204633
128,3168,204633
128,3200,204633
128,3232,204633
128,3264,204633
128,3296,204633
128,3328,204633
128,3360,204633
128,3392,204633
128,3424,204633
128,3456,204633
128,3488,204633
128,3520,204633
128,3552,204633
128,3584,204633
128,3616,204633
128,3648,204633
128,3680,204633
128,3712,204633
128,3744,204633
128,3776,204633
128,3808,204633
128,3840,204633
128,3872,204633
128,3904,204633
128,3936,204633
128,3968,204633
128,4000,204633
128,4032,204633
128,4064,204633
128,4096,204633
192,32,36642
192,64,37068
192,96,37689
192,128,37872
192,160,38907
192,192,40293
192,224,40821
192,256,42147
192,288,72267
192,320,87027
192,352,98679
192,384,107874
192,416,113835
192,448,117864
192,480,121050
192,512,122817
192,544,124713
192,576,126813
192,608,129291
192,640,134199
192,672,177048
192,704,190638
192,736,194367
192,768,195873
192,800,196911
192,832,197484
192,864,197613
192,896,197748
192,928,203916
192,960,204945
192,992,205167
192,1024,205266
192,1056,205266
192,1088,205266
192,1120,205266
192,1152,205266
192,1184,205266
192,1216,205266
192,1248,205266
192,1280,205266
192,1312,205266
192,1344,205266
192,1376,205266
192,1408,205266
192,1440,205266
192,1472,205266
192,1504,205266
192,1536,205266
192,1568,205266
192,1600,205266
192,1632,205266
192,1664,205266
192,1696,205266
192,1728,205266
192,1760,205266
192,1792,205266
192,1824,205266
192,1856,205266
192,1888,205266
192,1920,205266
192,1952,205266
192,1984,205266
192,2016,205266
192,2048,205266
192,2080,205266
192,2112,205266
192,2144,205266
192,2176,205266
192,2208,205266
192,2240,205266
192,2272,205266
192,2304,205266
192,2336,205266
192,2368,205266
192,2400,205266
192,2432,205266
192,2464,205266
192,2496,205266
192,2528,205266
192,2560,205266
192,2592,205266
192,2624,205266
192,2656,205266
192,2688,205266
192,2720,205266
192,2752,205266
192,2784,205266
192,2816,205266
192,2848,205266
192,2880,205266
192,2912,205266
192,2944,205266
192,2976,205266
192,3008,205266
192,3040,205266
192,3072,205266
192,3104,205266
192,3136,205266
192,3168,205266
192,3200,205266
192,3232,205266
192,3264,205266
192,3296,205266
192,3328,205266
192,3360,205266
192,3392,205266
192,3424,205266
192,3456,205266
192,3488,205266
192,3520,205266
192,3552,205266
192,3584,205266
192,3616,205266
192,3648,205266
192,3680,205266
192,3712,205266
192,3744,205266
192,3776,205266
192,3808,205266
192,3840,205266
192,3872,205266
192,3904,205266
192,3936,205266
192,3968,205266
192,4000,205266
192,4032,205266
192,4064,205266
192,4096,205266
256,32,45534
256,64,46032
256,96,47019
256,128,47793
256,160,47883
256,192,47625
256,224,49044
256,256,51498
256,288,80067
256,320,91542
256,352,101370
256,384,109755
256,416,115566
256,448,119394
256,480,122391
256,512,124032
256,544,125868
256,576,127932
256,608,130254
256,640,135141
256,672,177951
256,704,191499
256,736,195225
256,768,196734
256,800,197772
256,832,198342
256,864,198474
256,896,198606
256,928,204777
256,960,205806
256,992,206028
256,1024,206124
256,1056,206124
256,1088,206124
256,1120,206124
256,1152,206124
256,1184,206124
256,1216,206124
256,1248,206124
256,1280,206124
256,1312,206124
256,1344,206124
256,1376,206124
256,1408,206124
256,1440,206124
256,1472,206124
256,1504,206124
256,1536,206124
256,1568,206124
256,1600,206124
256,1632,206124
256,1664,206124
256,1696,206124
256,1728,206124
256,1760,206124
256,1792,206124
256,1824,206124
256,1856,206124
256,1888,206124
256,1920,206124
256,1952,206124
256,1984,206124
256,2016,206124
256,2048,206124
256,2080,206124
256,2112,206124
256,2144,206124
256,2176,206124
256,2208,206124
256,2240,206124
256,2272,206124
256,2304,206124
256,2336,206124
256,2368,206124
256,2400,206124
256,2432,206124
256,2464,206124
256,2496,206124
256,2528,206124
256,2560,206124
256,2592,206124
256,2624,206124
256,2656,206124
256,2688,206124
256,2720,206124
256,2752,206124
256,2784,206124
256,2816,206124
256,2848,206124
256,2880,206124
256,2912,206124
256,2944,206124
256,2976,206124
256,3008,206124
256,3040,206124
256,3072,206124
256,3104,206124
256,3136,206124
256,3168,206124
256,3200,206124
256,3232,206124
256,3264,206124
256,3296,206124
256,3328,206124
256,3360,206124
256,3392,206124
256,3424,206124
256,3456,206124
256,3488,206124
256,3520,206124
256,3552,206124
256,3584,206124
256,3616,206124
256,3648,206124
256,3680,206124
256,3712,206124
256,3744,206124
256,3776,206124
256,3808,206124
256,3840,206124
256,3872,206124
256,3904,206124
256,3936,206124
256,3968,206124
256,4000,206124
256,4032,206124
256,4064,206124
256,4096,206124
320,32,55197
320,64,55308
320,96,55233
320,128,57672
320,160,58437
320,192,58947
320,224,60402
320,256,66879
320,288,95076
320,320,102876
320,352,109398
320,384,115047
320,416,119841
320,448,123315
320,480,126084
320,512,127782
320,544,129429
320,576,131148
320,608,133371
320,640,138156
320,672,180684
320,704,194109
320,736,197838
320,768,199344
320,800,200382
320,832,200955
320,864,201087
320,896,201219
320,928,207390
320,960,208416
320,992,208641
320,1024,208737
320,1056,208737
320,1088,208737
320,1120,208737
320,1152,208737
320,1184,208737
320,1216,208737
320,1248,208737
320,1280,208737
320,1312,208737
320,1344,208737
320,1376,208737
320,1408,208737
320,1440,208737
320,1472,208737
320,1504,208737
320,1536,208737
320,1568,208737
320,1600,208737
320,1632,208737
320,1664,208737
320,1696,208737
320,1728,208737
320,1760,208737
320,1792,208737
320,1824,208737
320,1856,208737
320,1888,208737
320,1920,208737
320,1952,208737
320,1984,208737
320,2016,208737
320,2048,208737
320,2080,208737
320,2112,208737
320,2144,208737
320,2176,208737
320,2208,208737
320,2240,208737
320,2272,208737
320,2304,208737
320,2336,208737
320,2368,208737
320,2400,208737
320,2432,208737
320,2464,208737
320,2496,208737
320,2528,208737
320,2560,208737
320,2592,208737
320,2624,208737
320,2656,208737
320,2688,208737
320,2720,208737
320,2752,208737
320,2784,208737
320,2816,208737
320,2848,208737
320,2880,208737
320,2912,208737
320,2944,208737
320,2976,208737
320,3008,208737
320,3040,208737
320,3072,208737
320,3104,208737
320,3136,208737
320,3168,208737
320,3200,208737
320,3232,208737
320,3264,208737
320,3296,208737
320,3328,208737
320,3360,208737
320,3392,208737
320,3424,208737
320,3456,208737
320,3488,208737
320,3520,208737
320,3552,208737
320,3584,208737
320,3616,208737
320,3648,208737
320,3680,208737
320,3712,208737
320,3744,208737
320,3776,208737
320,3808,208737
320,3840,208737
320,3872,208737
320,3904,208737
320,3936,208737
320,3968,208737
320,4000,208737
320,4032,208737
320,4064,208737
320,4096,208737
384,32,64392
384,64,64425
384,96,65139
384,128,65967
384,160,66456
384,192,68505
384,224,69273
384,256,74472
384,288,102015
384,320,112035
384,352,119205
384,384,124920
384,416,129447
384,448,132702
384,480,135129
384,512,136509
384,544,138084
384,576,139608
384,608,141546
384,640,145929
384,672,186915
384,704,199782
384,736,203889
384,768,205398
384,800,206436
384,832,207006
384,864,207138
384,896,207273
384,928,213441
384,960,214470
384,992,214692
384,1024,214788
384,1056,214788
384,1088,214788
384,1120,214788
384,1152,214788
384,1184,214788
384,1216,214788
384,1248,214788
384,1280,214788
384,1312,214788
384,1344,214788
384,1376,214788
384,1408,214788
384,1440,214788
384,1472,214788
384,1504,214788
384,1536,214788
384,1568,214788
384,1600,214788
384,1632,214788
384,1664,214788
384,1696,214788
384,1728,214788
384,1760,214788
384,1792,214788
384,1824,214788
384,1856,214788
384,1888,214788
384,1920,214788
384,1952,214788
384,1984,214788
384,2016,214788
384,2048,214788
384,2080,214788
384,2112,214788
384,2144,214788
384,2176,214788
384,2208,214788
384,2240,214788
384,2272,214788
384,2304,214788
384,2336,214788
384,2368,214788
384,2400,214788
384,2432,214788
384,2464,214788
384,2496,214788
384,2528,214788
384,2560,214788
384,2592,214788
384,2624,214788
384,2656,214788
384,2688,214788
384,2720,214788
384,2752,214788
384,2784,214788
384,2816,214788
384,2848,214788
384,2880,214788
384,2912,214788
384,2944,214788
384,2976,214788
384,3008,214788
384,3040,214788
384,3072,214788
384,3104,214788
384,3136,214788
384,3168,214788
384,3200,214788
384,3232,214788
384,3264,214788
384,3296,214788
384,3328,214788
384,3360,214788
384,3392,214788
384,3424,214788
384,3456,214788
384,3488,214788
384,3520,214788
384,3552,214788
384,3584,214788
384,3616,214788
384,3648,214788
384,3680,214788
384,3712,214788
384,3744,214788
384,3776,214788
384,3808,214788
384,3840,214788
384,3872,214788
384,3904,214788
384,3936,214788
384,3968,214788
384,4000,214788
384,4032,214788
384,4064,214788
384,4096,214788
448,32,73368
448,64,73455
448,96,74667
448,128,75312
448,160,77001
448,192,77187
448,224,77217
448,256,80046
448,288,111312
448,320,124395
448,352,131502
448,384,137247
448,416,141864
448,448,145668
448,480,148323
448,512,149697
448,544,151365
448,576,153258
448,608,155154
448,640,159381
448,672,197997
448,704,210690
448,736,214695
448,768,216204
448,800,217242
448,832,217812
448,864,217944
448,896,218076
448,928,224247
448,960,225276
448,992,225498
448,1024,225594
448,1056,225594
448,1088,225594
448,1120,225594
448,1152,225594
448,1184,225594
448,1216,225594
448,1248,225594
448,1280,225594
448,1312,225594
448,1344,225594
448,1376,225594
448,1408,225594
448,1440,225594
448,1472,225594
448,1504,225594
448,1536,225594
448,1568,225594
448,1600,225594
448,1632,225594
448,1664,225594
448,1696,225594
448,1728,225594
448,1760,225594
448,1792,225594
448,1824,225594
448,1856,225594
448,1888,225594
448,1920,225594
448,1952,225594
448,1984,225594
448,2016,225594
448,2048,225594
448,2080,225594
448,2112,225594
448,2144,225594
448,2176,225594
448,2208,225594
448,2240,225594
448,2272,225594
448,2304,225594
448,2336,225594
448,2368,225594
448,2400,225594
448,2432,225594
448,2464,225594
448,2496,225594
448,2528,225594
448,2560,225594
448,2592,225594
448,2624,225594
448,2656,225594
448,2688,225594
448,2720,225594
448,2752,225594
448,2784,225594
448,2816,225594
448,2848,225594
448,2880,225594
448,2912,225594
448,2944,225594
448,2976,225594
448,3008,225594
448,3040,225594
448,3072,225594
448,3104,225594
448,3136,225594
448,3168,225594
448,3200,225594
448,3232,225594
448,3264,225594
448,3296,225594
448,3328,225594
448,3360,225594
448,3392,225594
448,3424,225594
448,3456,225594
448,3488,225594
448,3520,225594
448,3552,225594
448,3584,225594
448,3616,225594
448,3648,225594
448,3680,225594
448,3712,225594
448,3744,225594
448,3776,225594
448,3808,225594
448,3840,225594
448,3872,225594
448,3904,225594
448,3936,225594
448,3968,225594
448,4000,225594
448,4032,225594
448,4064,225594
448,4096,225594
512,32,82293
512,64,82488
512,96,82863
512,128,84132
512,160,84039
512,192,84411
512,224,86823
512,256,88545
512,288,129768
512,320,146142
512,352,152490
512,384,156348
512,416,159093
512,448,161010
512,480,163194
512,512,164835
512,544,168606
512,576,171828
512,608,174258
512,640,178617
512,672,214554
512,704,227073
512,736,230847
512,768,232353
512,800,233391
512,832,233964
512,864,234093
512,896,234228
512,928,240378
512,960,241287
512,992,241509
512,1024,241605
512,1056,241605
512,1088,241605
512,1120,241605
512,1152,241605
512,1184,241605
512,1216,241605
512,1248,241605
512,1280,241605
512,1312,241605
512,1344,241605
512,1376,241605
512,1408,241605
512,1440,241605
512,1472,241605
512,1504,241605
512,1536,241605
512,1568,241605
512,1600,241605
512,1632,241605
512,1664,241605
512,1696,241605
512,1728,241605
512,1760,241605
512,1792,241605
512,1824,241605
512,1856,241605
512,1888,241605
512,1920,241605
512,1952,241605
512,1984,241605
512,2016,241605
512,2048,241605
512,2080,241605
512,2112,241605
512,2144,241605
512,2176,241605
512,2208,241605
512,2240,241605
512,2272,241605
512,2304,241605
512,2336,241605
512,2368,241605
512,2400,241605
512,2432,241605
512,2464,241605
512,2496,241605
512,2528,241605
512,2560,241605
512,2592,241605
512,2624,241605
512,2656,241605
512,2688,241605
512,2720,241605
512,2752,241605
512,2784,241605
512,2816,241605
512,2848,241605
512,2880,241605
512,2912,241605
512,2944,241605
512,2976,241605
512,3008,241605
512,3040,241605
512,3072,241605
512,3104,241605
512,3136,241605
512,3168,241605
512,3200,241605
512,3232,241605
512,3264,241605
512,3296,241605
512,3328,241605
512,3360,241605
512,3392,241605
512,3424,241605
512,3456,241605
512,3488,241605
512,3520,241605
512,3552,241605
512,3584,241605
512,3616,241605
512,3648,241605
512,3680,241605
512,3712,241605
512,3744,241605
512,3776,241605
512,3808,241605
512,3840,241605
512,3872,241605
512,3904,241605
512,3936,241605
512,3968,241605
512,4000,241605
512,4032,241605
512,4064,241605
512,4096,241605
576,32,91578
576,64,91662
576,96,92217
576,128,92430
576,160,94947
576,192,95109
576,224,95454
576,256,97860
576,288,144180
576,320,164991
576,352,170901
576,384,173874
576,416,175299
576,448,176208
576,480,177240
576,512,177597
576,544,180690
576,576,184227
576,608,188217
576,640,193383
576,672,227691
576,704,239673
576,736,243249
576,768,244887
576,800,245925
576,832,246498
576,864,246627
576,896,246762
576,928,252696
576,960,253605
576,992,253827
576,1024,253923
576,1056,253923
576,1088,253923
576,1120,253923
576,1152,253923
576,1184,253923
576,1216,253923
576,1248,253923
576,1280,253923
576,1312,253923
576,1344,253923
576,1376,253923
576,1408,253923
576,1440,253923
576,1472,253923
576,1504,253923
576,1536,253923
576,1568,253923
576,1600,253923
576,1632,253923
576,1664,253923
576,1696,253923
576,1728,253923
576,1760,253923
576,1792,253923
576,1824,253923
576,1856,253923
576,1888,253923
576,1920,253923
576,1952,253923
576,1984,253923
576,2016,253923
576,2048,253923
576,2080,253923
576,2112,253923
576,2144,253923
576,2176,253923
576,2208,253923
576,2240,253923
576,2272,253923
576,2304,253923
576,2336,253923
576,2368,253923
576,2400,253923
576,2432,253923
576,2464,253923
576,2496,253923
576,2528,253923
576,2560,253923
576,2592,253923
576,2624,253923
576,2656,253923
576,2688,253923
576,2720,253923
576,2752,253923
576,2784,253923
576,2816,253923
576,2848,253923
576,2880,253923
576,2912,253923
576,2944,253923
576,2976,253923
576,3008,253923
576,3040,253923
576,3072,253923
576,3104,253923
576,3136,253923
576,3168,253923
576,3200,253923
576,3232,253923
576,3264,253923
576,3296,253923
576,3328,253923
576,3360,253923
576,3392,253923
576,3424,253923
576,3456,253923
576,3488,253923
576,3520,253923
576,3552,253923
576,3584,253923
576,3616,253923
576,3648,253923
576,3680,253923
576,3712,253923
576,3744,253923
576,3776,253923
576,3808,253923
576,3840,253923
576,3872,253923
576,3904,253923
576,3936,253923
576,3968,253923
576,4000,253923
576,4032,253923
576,4064,253923
576,4096,253923
640,32,100488
640,64,100695
640,96,101499
640,128,102561
640,160,104331
640,192,104643
640,224,105651
640,256,107910
640,288,156780
640,320,176658
640,352,184776
640,384,188187
640,416,189846
640,448,190623
640,480,192153
640,512,192762
640,544,195363
640,576,197364
640,608,201309
640,640,207399
640,672,239628
640,704,250749
640,736,254724
640,768,256524
640,800,257622
640,832,258321
640,864,258450
640,896,258978
640,928,268386
640,960,270072
640,992,270522
640,1024,270807
640,1056,270807
640,1088,270807
640,1120,270807
640,1152,270807
640,1184,270807
640,1216,270807
640,1248,270807
640,1280,270807
640,1312,270807
640,1344,270807
640,1376,270807
640,1408,270807
640,1440,270807
640,1472,270807
640,1504,270807
640,1536,270807
640,1568,270807
640,1600,270807
640,1632,270807
640,1664,270807
640,1696,270807
640,1728,270807
640,1760,270807
640,1792,270807
640,1824,270807
640,1856,270807
640,1888,270807
640,1920,270807
640,1952,270807
640,1984,270807
640,2016,270807
640,2048,270807
640,2080,270807
640,2112,270807
640,2144,270807
640,2176,270807
640,2208,270807
640,2240,270807
640,2272,270807
640,2304,270807
640,2336,270807
640,2368,270807
640,2400,270807
640,2432,270807
640,2464,270807
640,2496,270807
640,2528,270807
640,2560,270807
640,2592,270807
640,2624,270807
640,2656,270807
640,2688,270807
640,2720,270807
640,2752,270807
640,2784,270807
640,2816,270807
640,2848,270807
640,2880,270807
640,2912,270807
640,2944,270807
640,2976,270807
640,3008,270807
640,3040,270807
640,3072,270807
640,3104,270807
640,3136,270807
640,3168,270807
640,3200,270807
640,3232,270807
640,3264,270807
640,3296,270807
640,3328,270807
640,3360,270807
640,3392,270807
640,3424,270807
640,3456,270807
640,3488,270807
640,3520,270807
640,3552,270807
640,3584,270807
640,3616,270807
640,3648,270807
640,3680,270807
640,3712,270807
640,3744,270807
640,3776,270807
640,3808,270807
640,3840,270807
640,3872,270807
640,3904,270807
640,3936,270807
640,3968,270807
640,4000,270807
640,4032,270807
640,4064,270807
640,4096,270807
704,32,109257
704,64,109524
704,96,109212
704,128,109203
704,160,109935
704,192,111132
704,224,111417
704,256,113649
704,288,188658
704,320,203313
704,352,209931
704,384,214653
704,416,218772
704,448,221013
704,480,224253
704,512,230109
704,544,243654
704,576,253269
704,608,256785
704,640,259971
704,672,286458
704,704,298776
704,736,306468
704,768,310884
704,800,315603
704,832,320436
704,864,324852
704,896,332160
704,928,373209
704,960,395760
704,992,402174
704,1024,405441
704,1056,405441
704,1088,405441
704,1120,405441
704,1152,405441
704,1184,405441
704,1216,405441
704,1248,405441
704,1280,405441
704,1312,405441
704,1344,405441
704,1376,405441
704,1408,405441
704,1440,405441
704,1472,405441
704,1504,405441
704,1536,405441
704,1568,405441
704,1600,405441
704,1632,405441
704,1664,405441
704,1696,405441
704,1728,405441
704,1760,405441
704,1792,405441
704,1824,405441
704,1856,405441
704,1888,405441
704,1920,405441
704,1952,405441
704,1984,405441
704,2016,405441
704,2048,405441
704,2080,405441
704,2112,405441
704,2144,405441
704,2176,405441
704,2208,405441
704,2240,405441
704,2272,405441
704,2304,405441
704,2336,405441
704,2368,405441
704,2400,405441
704,2432,405441
704,2464,405441
704,2496,405441
704,2528,405441
704,2560,405441
704,2592,405441
704,2624,405441
704,2656,405441
704,2688,405441
704,2720,405441
704,2752,405441
704,2784,405441
704,2816,405441
704,2848,405441
704,2880,405441
704,2912,405441
704,2944,405441
704,2976,405441
704,3008,405441
704,3040,405441
704,3072,405441
704,3104,405441
704,3136,405441
704,3168,405441
704,3200,405441
704,3232,405441
704,3264,405441
704,3296,405441
704,3328,405441
704,3360,405441
704,3392,405441
704,3424,405441
704,3456,405441
704,3488,405441
704,3520,405441
704,3552,405441
704,3584,405441
704,3616,405441
704,3648,405441
704,3680,405441
704,3712,405441
704,3744,405441
704,3776,405441
704,3808,405441
704,3840,405441
704,3872,405441
704,3904,405441
704,3936,405441
704,3968,405441
704,4000,405441
704,4032,405441
704,4064,405441
704,4096,405441
768,32,118731
768,64,118890
768,96,119706
768,128,120588
768,160,123012
768,192,124779
768,224,125853
768,256,128988
768,288,203718
768,320,215244
768,352,220326
768,384,224934
768,416,229695
768,448,232011
768,480,235200
768,512,242013
768,544,257277
768,576,274257
768,608,280212
768,640,282726
768,672,306933
768,704,316755
768,736,324666
768,768,329865
768,800,334938
768,832,339615
768,864,345126
768,896,354042
768,928,403443
768,960,427662
768,992,435558
768,1024,439623
768,1056,439623
768,1088,439623
768,1120,439623
768,1152,439623
768,1184,439623
768,1216,439623
768,1248,439623
768,1280,439623
768,1312,439623
768,1344,439623
768,1376,439623
768,1408,439623
768,1440,439623
768,1472,439623
768,1504,439623
768,1536,439623
768,1568,439623
768,1600,439623
768,1632,439623
768,1664,439623
768,1696,439623
768,1728,439623
768,1760,439623
768,1792,439623
768,1824,439623
768,1856,439623
768,1888,439623
768,1920,439623
768,1952,439623
768,1984,439623
768,2016,439623
768,2048,439623
768,2080,439623
768,2112,439623
768,2144,439623
768,2176,439623
768,2208,439623
768,2240,439623
768,2272,439623
768,2304,439623
768,2336,439623
768,2368,439623
768,2400,439623
768,2432,439623
768,2464,439623
768,2496,439623
768,2528,439623
768,2560,439623
768,2592,439623
768,2624,439623
768,2656,439623
768,2688,439623
768,2720,439623
768,2752,439623
768,2784,439623
768,2816,439623
768,2848,439623
768,2880,439623
768,2912,439623
768,2944,439623
768,2976,439623
768,3008,439623
768,3040,439623
768,3072,439623
768,3104,439623
768,3136,439623
768,3168,439623
768,3200,439623
768,3232,439623
768,3264,439623
768,3296,439623
768,3328,439623
768,3360,439623
768,3392,439623
768,3424,439623
768,3456,439623
768,3488,439623
768,3520,439623
768,3552,439623
768,3584,439623
768,3616,439623
768,3648,439623
768,3680,439623
768,3712,439623
768,3744,439623
768,3776,439623
768,3808,439623
768,3840,439623
768,3872,439623
768,3904,439623
768,3936,439623
768,3968,439623
768,4000,439623
768,4032,439623
768,4064,439623
768,4096,439623
832,32,126951
832,64,127512
832,96,127794
832,128,127935
832,160,128325
832,192,128724
832,224,128856
832,256,130473
832,288,234993
832,320,241677
832,352,242337
832,384,243969
832,416,247665
832,448,250209
832,480,253671
832,512,261195
832,544,275373
832,576,298920
832,608,313497
832,640,318801
832,672,330138
832,704,336276
832,736,342336
832,768,346878
832,800,352056
832,832,358212
832,864,365940
832,896,379263
832,928,448854
832,960,480156
832,992,490095
832,1024,495960
832,1056,495960
832,1088,495960
832,1120,495960
832,1152,495960
832,1184,495960
832,1216,495960
832,1248,495960
832,1280,495960
832,1312,495960
832,1344,495960
832,1376,495960
832,1408,495960
832,1440,495960
832,1472,495960
832,1504,495960
832,1536,495960
832,1568,495960
832,1600,495960
832,1632,495960
832,1664,495960
832,1696,495960
832,1728,495960
832,1760,495960
832,1792,495960
832,1824,495960
832,1856,495960
832,1888,495960
832,1920,495960
832,1952,495960
832,1984,495960
832,2016,495960
832,2048,495960
832,2080,495960
832,2112,495960
832,2144,495960
832,2176,495960
832,2208,495960
832,2240,495960
832,2272,495960
832,2304,495960
832,2336,495960
832,2368,495960
832,2400,495960
832,2432,495960
832,2464,495960
832,2496,495960
832,2528,495960
832,2560,495960
832,2592,495960
832,2624,495960
832,2656,495960
832,2688,495960
832,2720,495960
832,2752,495960
832,2784,495960
832,2816,495960
832,2848,495960
832,2880,495960
832,2912,495960
832,2944,495960
832,2976,495960
832,3008,495960
832,3040,495960
832,3072,495960
832,3104,495960
832,3136,495960
832,3168,495960
832,3200,495960
832,3232,495960
832,3264,495960
832,3296,495960
832,3328,495960
832,3360,495960
832,3392,495960
832,3424,495960
832,3456,495960
832,3488,495960
832,3520,495960
832,3552,495960
832,3584,495960
832,3616,495960
832,3648,495960
832,3680,495960
832,3712,495960
832,3744,495960
832,3776,495960
832,3808,495960
832,3840,495960
832,3872,495960
832,3904,495960
832,3936,495960
832,3968,495960
832,4000,495960
832,4032,495960
832,4064,495960
832,4096,495960
896,32,137019
896,64,137094
896,96,137691
896,128,138813
896,160,140472
896,192,145623
896,224,145011
896,256,145722
896,288,250740
896,320,255693
896,352,256476
896,384,257640
896,416,258702
896,448,261360
896,480,266010
896,512,272289
896,544,284214
896,576,304371
896,608,318885
896,640,325413
896,672,338862
896,704,343341
896,736,349224
896,768,354348
896,800,360438
896,832,367908
896,864,376986
896,896,390966
896,928,458334
896,960,489717
896,992,499767
896,1024,505788
896,1056,505788
896,1088,505788
896,1120,505788
896,1152,505788
896,1184,505788
896,1216,505788
896,1248,505788
896,1280,505788
896,1312,505788
896,1344,505788
896,1376,505788
896,1408,505788
896,1440,505788
896,1472,505788
896,1504,505788
896,1536,505788
896,1568,505788
896,1600,505788
896,1632,505788
896,1664,505788
896,1696,505788
896,1728,505788
896,1760,505788
896,1792,505788
896,1824,505788
896,1856,505788
896,1888,505788
896,1920,505788
896,1952,505788
896,1984,505788
896,2016,505788
896,2048,505788
896,2080,505788
896,2112,505788
896,2144,505788
896,2176,505788
896,2208,505788
896,2240,505788
896,2272,505788
896,2304,505788
896,2336,505788
896,2368,505788
896,2400,505788
896,2432,505788
896,2464,505788
896,2496,505788
896,2528,505788
896,2560,505788
896,2592,505788
896,2624,505788
896,2656,505788
896,2688,505788
896,2720,505788
896,2752,505788
896,2784,505788
896,2816,505788
896,2848,505788
896,2880,505788
896,2912,505788
896,2944,505788
896,2976,505788
896,3008,505788
896,3040,505788
896,3072,505788
896,3104,505788
896,3136,505788
896,3168,505788
896,3200,505788
896,3232,505788
896,3264,505788
896,3296,505788
896,3328,505788
896,3360,505788
896,3392,505788
896,3424,505788
896,3456,505788
896,3488,505788
896,3520,505788
896,3552,505788
896,3584,505788
896,3616,505788
896,3648,505788
896,3680,505788
896,3712,505788
896,3744,505788
896,3776,505788
896,3808,505788
896,3840,505788
896,3872,505788
896,3904,505788
896,3936,505788
896,3968,505788
896,4000,505788
896,4032,505788
896,4064,505788
896,4096,505788
960,32,146046
960,64,146325
960,96,147126
960,128,148719
960,160,152334
960,192,154092
960,224,153600
960,256,154908
960,288,264915
960,320,270420
960,352,270957
960,384,271641
960,416,272856
960,448,274476
960,480,278322
960,512,283803
960,544,292650
960,576,309210
960,608,321738
960,640,331314
960,672,365046
960,704,368343
960,736,373113
960,768,378159
960,800,385557
960,832,392193
960,864,400929
960,896,414690
960,928,485085
960,960,517383
960,992,527256
960,1024,532911
960,1056,532911
960,1088,532911
960,1120,532911
960,1152,532911
960,1184,532911
960,1216,532911
960,1248,532911
960,1280,532911
960,1312,532911
960,1344,532911
960,1376,532911
960,1408,532911
960,1440,532911
960,1472,532911
960,1504,532911
960,1536,532911
960,1568,532911
960,1600,532911
960,1632,532911
960,1664,532911
960,1696,532911
960,1728,532911
960,1760,532911
960,1792,532911
960,1824,532911
960,1856,532911
960,1888,532911
960,1920,532911
960,1952,532911
960,1984,532911
960,2016,532911
960,2048,532911
960,2080,532911
960,2112,532911
960,2144,532911
960,2176,532911
960,2208,532911
960,2240,532911
960,2272,532911
960,2304,532911
960,2336,532911
960,2368,532911
960,2400,532911
960,2432,532911
960,2464,532911
960,2496,532911
960,2528,532911
960,2560,532911
960,2592,532911
960,2624,532911
960,2656,532911
960,2688,532911
960,2720,532911
960,2752,532911
960,2784,532911
960,2816,532911
960,2848,532911
960,2880,532911
960,2912,532911
960,2944,532911
960,2976,532911
960,3008,532911
960,3040,532911
960,3072,532911
960,3104,532911
960,3136,532911
960,3168,532911
960,3200,532911
960,3232,532911
960,3264,532911
960,3296,532911
960,3328,532911
960,3360,532911
960,3392,532911
960,3424,532911
960,3456,532911
960,3488,532911
960,3520,532911
960,3552,532911
960,3584,532911
960,3616,532911
960,3648,532911
960,3680,532911
960,3712,532911
960,3744,532911
960,3776,532911
960,3808,532911
960,3840,532911
960,3872,532911
960,3904,532911
960,3936,532911
960,3968,532911
960,4000,532911
960,4032,532911
960,4064,532911
960,4096,532911
1024,32,154671
1024,64,155079
1024,96,155556
1024,128,156654
1024,160,156672
1024,192,157560
1024,224,162462
1024,256,163734
1024,288,288423
1024,320,293775
1024,352,293547
1024,384,294384
1024,416,293871
1024,448,294414
1024,480,295038
1024,512,298581
1024,544,304500
1024,576,316095
1024,608,326241
1024,640,335364
1024,672,372690
1024,704,375207
1024,736,379341
1024,768,384555
1024,800,392118
1024,832,400143
1024,864,409956
1024,896,424440
1024,928,503346
1024,960,535836
1024,992,546285
1024,1024,553023
1024,1056,553023
1024,1088,553023
1024,1120,553023
1024,1152,553023
1024,1184,553023
1024,1216,553023
1024,1248,553023
1024,1280,553023
1024,1312,553023
1024,1344,553023
1024,1376,553023
1024,1408,553023
1024,1440,553023
1024,1472,553023
1024,1504,553023
1024,1536,553023
1024,1568,553023
1024,1600,553023
1024,1632,553023
1024,1664,553023
1024,1696,553023
1024,1728,553023
1024,1760,553023
1024,1792,553023
1024,1824,553023
1024,1856,553023
1024,1888,553023
1024,1920,553023
1024,1952,553023
1024,1984,553023
1024,2016,553023
1024,2048,553023
1024,2080,553023
1024,2112,553023
1024,2144,553023
1024,2176,553023
1024,2208,553023
1024,2240,553023
1024,2272,553023
1024,2304,553023
1024,2336,553023
1024,2368,553023
1024,2400,553023
1024,2432,553023
1024,2464,553023
1024,2496,553023
1024,2528,553023
1024,2560,553023
1024,2592,553023
1024,2624,553023
1024,2656,553023
1024,2688,553023
1024,2720,553023
1024,2752,553023
1024,2784,553023
1024,2816,553023
1024,2848,553023
1024,2880,553023
1024,2912,553023
1024,2944,553023
1024,2976,553023
1024,3008,553023
1024,3040,553023
1024,3072,553023
1024,3104,553023
1024,3136,553023
1024,3168,553023
1024,3200,553023
1024,3232,553023
1024,3264,553023
1024,3296,553023
1024,3328,553023
1024,3360,553023
1024,3392,553023
1024,3424,553023
1024,3456,553023
1024,3488,553023
1024,3520,553023
1024,3552,553023
1024,3584,553023
1024,3616,553023
1024,3648,553023
1024,3680,553023
1024,3712,553023
1024,3744,553023
1024,3776,553023
1024,3808,553023
1024,3840,553023
1024,3872,553023
1024,3904,553023
1024,3936,553023
1024,3968,553023
1024,4000,553023
1024,4032,553023
1024,4064,553023
1024,4096,553023
1088,32,163101
1088,64,163449
1088,96,163338
1088,128,163731
1088,160,163902
1088,192,164259
1088,224,165900
1088,256,166572
1088,288,300249
1088,320,306882
1088,352,307533
1088,384,307905
1088,416,307731
1088,448,308046
1088,480,306579
1088,512,308046
1088,544,313269
1088,576,324018
1088,608,331275
1088,640,339417
1088,672,374253
1088,704,376140
1088,736,379461
1088,768,384135
1088,800,391236
1088,832,399096
1088,864,408903
1088,896,423321
1088,928,502896
1088,960,535353
1088,992,545802
1088,1024,552540
1088,1056,552540
1088,1088,552540
1088,1120,552540
1088,1152,552540
1088,1184,552540
1088,1216,552540
1088,1248,552540
1088,1280,552540
1088,1312,552540
1088,1344,552540
1088,1376,552540
1088,1408,552540
1088,1440,552540
1088,1472,552540
1088,1504,552540
1088,1536,552540
1088,1568,552540
1088,1600,552540
1088,1632,552540
1088,1664,552540
1088,1696,552540
1088,1728,552540
1088,1760,552540
1088,1792,552540
1088,1824,552540
1088,1856,552540
1088,1888,552540
1088,1920,552540
1088,1952,552540
1088,1984,552540
1088,2016,552540
1088,2048,552540
1088,2080,552540
1088,2112,552540
1088,2144,552540
1088,2176,552540
1088,2208,552540
1088,2240,552540
1088,2272,552540
1088,2304,552540
1088,2336,552540
1088,2368,552540
1088,2400,552540
1088,2432,552540
1088,2464,552540
1088,2496,552540
1088,2528,552540
1088,2560,552540
1088,2592,552540
1088,2624,552540
1088,2656,552540
1088,2688,552540
1088,2720,552540
1088,2752,552540
1088,2784,552540
1088,2816,552540
1088,2848,552540
1088,2880,552540
1088,2912,552540
1088,2944,552540
1088,2976,552540
1088,3008,552540
1088,3040,552540
1088,3072,552540
1088,3104,552540
1088,3136,552540
1088,3168,552540
1088,3200,552540
1088,3232,552540
1088,3264,552540
1088,3296,552540
1088,3328,552540
1088,3360,552540
1088,3392,552540
1088,3424,552540
1088,3456,552540
1088,3488,552540
1088,3520,552540
1088,3552,552540
1088,3584,552540
1088,3616,552540
1088,3648,552540
1088,3680,552540
1088,3712,552540
1088,3744,552540
1088,3776,552540
1088,3808,552540
1088,3840,552540
1088,3872,552540
1088,3904,552540
1088,3936,552540
1088,3968,552540
1088,4000,552540
1088,4032,552540
1088,4064,552540
1088,4096,552540
1152,32,172869
1152,64,173487
1152,96,174774
1152,128,177447
1152,160,177798
1152,192,180885
1152,224,180567
1152,256,180606
1152,288,311355
1152,320,318561
1152,352,319905
1152,384,320694
1152,416,321609
1152,448,321414
1152,480,319398
1152,512,320712
1152,544,323322
1152,576,331359
1152,608,337773
1152,640,345435
1152,672,378201
1152,704,379485
1152,736,381297
1152,768,384765
1152,800,390831
1152,832,398400
1152,864,408180
1152,896,422745
1152,928,502839
1152,960,535353
1152,992,545802
1152,1024,552540
1152,1056,552540
1152,1088,552540
1152,1120,552540
1152,1152,552540
1152,1184,552540
1152,1216,552540
1152,1248,552540
1152,1280,552540
1152,1312,552540
1152,1344,552540
1152,1376,552540
1152,1408,552540
1152,1440,552540
1152,1472,552540
1152,1504,552540
1152,1536,552540
1152,1568,552540
1152,1600,552540
1152,1632,552540
1152,1664,552540
1152,1696,552540
1152,1728,552540
1152,1760,552540
1152,1792,552540
1152,1824,552540
1152,1856,552540
1152,1888,552540
1152,1920,552540
1152,1952,552540
1152,1984,552540
1152,2016,552540
1152,2048,552540
1152,2080,552540
1152,2112,552540
1152,2144,552540
1152,2176,552540
1152,2208,552540
1152,2240,552540
1152,2272,552540
1152,2304,552540
1152,2336,552540
1152,2368,552540
1152,2400,552540
1152,2432,552540
1152,2464,552540
1152,2496,552540
1152,2528,552540
1152,2560,552540
1152,2592,552540
1152,2624,552540
1152,2656,552540
1152,2688,552540
1152,2720,552540
1152,2752,552540
1152,2784,552540
1152,2816,552540
1152,2848,552540
1152,2880,552540
1152,2912,552540
1152,2944,552540
1152,2976,552540
1152,3008,552540
1152,3040,552540
1152,3072,552540
1152,3104,552540
1152,3136,552540
1152,3168,552540
1152,3200,552540
1152,3232,552540
1152,3264,552540
1152,3296,552540
1152,3328,552540
1152,3360,552540
1152,3392,552540
1152,3424,552540
1152,3456,552540
1152,3488,552540
1152,3520,552540
1152,3552,552540
1152,3584,552540
1152,3616,552540
1152,3648,552540
1152,3680,552540
1152,3712,552540
1152,3744,552540
1152,3776,552540
1152,3808,552540
1152,3840,552540
1152,3872,552540
1152,3904,552540
1152,3936,552540
1152,3968,552540
1152,4000,552540
1152,4032,552540
1152,4064,552540
1152,4096,552540
1216,32,180672
1216,64,181170
1216,96,181836
1216,128,182301
1216,160,182517
1216,192,183705
1216,224,183516
1216,256,183555
1216,288,330240
1216,320,339534
1216,352,339675
1216,384,340164
1216,416,341571
1216,448,341697
1216,480,340539
1216,512,341118
1216,544,342504
1216,576,345648
1216,608,350067
1216,640,358785
1216,672,390504
1216,704,390828
1216,736,391407
1216,768,393018
1216,800,396198
1216,832,401883
1216,864,410745
1216,896,424344
1216,928,503022
1216,960,535317
1216,992,545763
1216,1024,552501
1216,1056,552501
1216,1088,552501
1216,1120,552501
1216,1152,552501
1216,1184,552501
1216,1216,552501
1216,1248,552501
1216,1280,552501
1216,1312,552501
1216,1344,552501
1216,1376,552501
1216,1408,552501
1216,1440,552501
1216,1472,552501
1216,1504,552501
1216,1536,552501
1216,1568,552501
1216,1600,552501
1216,1632,552501
1216,1664,552501
1216,1696,552501
1216,1728,552501
1216,1760,552501
1216,1792,552501
1216,1824,552501
1216,1856,552501
1216,1888,552501
1216,1920,552501
1216,1952,552501
1216,1984,552501
1216,2016,552501
1216,2048,552501
1216,2080,552501
1216,2112,552501
1216,2144,552501
1216,2176,552501
1216,2208,552501
1216,2240,552501
1216,2272,552501
1216,2304,552501
1216,2336,552501
1216,2368,552501
1216,2400,552501
1216,2432,552501
1216,2464,552501
1216,2496,552501
1216,2528,552501
1216,2560,552501
1216,2592,552501
1216,2624,552501
1216,2656,552501
1216,2688,552501
1216,2720,552501
1216,2752,552501
1216,2784,552501
1216,2816,552501
1216,2848,552501
1216,2880,552501
1216,2912,552501
1216,2944,552501
1216,2976,552501
1216,3008,552501
1216,3040,552501
1216,3072,552501
1216,3104,552501
1216,3136,552501
1216,3168,552501
1216,3200,552501
1216,3232,552501
1216,3264,552501
1216,3296,552501
1216,3328,552501
1216,3360,552501
1216,3392,552501
1216,3424,552501
1216,3456,552501
1216,3488,552501
1216,3520,552501
1216,3552,552501
1216,3584,552501
1216,3616,552501
1216,3648,552501
1216,3680,552501
1216,3712,552501
1216,3744,552501
1216,3776,552501
1216,3808,552501
1216,3840,552501
1216,3872,552501
1216,3904,552501
1216,3936,552501
1216,3968,552501
1216,4000,552501
1216,4032,552501
1216,4064,552501
1216,4096,552501
1280,32,191067
1280,64,191904
1280,96,192981
1280,128,196881
1280,160,199110
1280,192,200139
1280,224,202569
1280,256,202071
1280,288,342156
1280,320,351573
1280,352,351558
1280,384,351504
1280,416,352494
1280,448,352668
1280,480,352305
1280,512,352704
1280,544,354423
1280,576,355740
1280,608,361599
1280,640,369954
1280,672,409755
1280,704,409893
1280,736,410157
1280,768,411324
1280,800,413151
1280,832,416214
1280,864,422262
1280,896,433122
1280,928,505809
1280,960,535305
1280,992,545427
1280,1024,552165
1280,1056,552165
1280,1088,552165
1280,1120,552165
1280,1152,552165
1280,1184,552165
1280,1216,552165
1280,1248,552165
1280,1280,552165
1280,1312,552165
1280,1344,552165
1280,1376,552165
1280,1408,552165
1280,1440,552165
1280,1472,552165
1280,1504,552165
1280,1536,552165
1280,1568,552165
1280,1600,552165
1280,1632,552165
1280,1664,552165
1280,1696,552165
1280,1728,552165
1280,1760,552165
1280,1792,552165
1280,1824,552165
1280,1856,552165
1280,1888,552165
1280,1920,552165
1280,1952,552165
1280,1984,552165
1280,2016,552165
1280,2048,552165
1280,2080,552165
1280,2112,552165
1280,2144,552165
1280,2176,552165
1280,2208,552165
1280,2240,552165
1280,2272,552165
1280,2304,552165
1280,2336,552165
1280,2368,552165
1280,2400,552165
1280,2432,552165
1280,2464,552165
1280,2496,552165
1280,2528,552165
1280,2560,552165
1280,2592,552165
1280,2624,552165
1280,2656,552165
1280,2688,552165
1280,2720,552165
1280,2752,552165
1280,2784,552165
1280,2816,552165
1280,2848,552165
1280,2880,552165
1280,2912,552165
1280,2944,552165
1280,2976,552165
1280,3008,552165
1280,3040,552165
1280,3072,552165
1280,3104,552165
1280,3136,552165
1280,3168,552165
1280,3200,552165
1280,3232,552165
1280,3264,552165
1280,3296,552165
1280,3328,552165
1280,3360,552165
1280,3392,552165
1280,3424,552165
1280,3456,552165
1280,3488,552165
1280,3520,552165
1280,3552,552165
1280,3584,552165
1280,3616,552165
1280,3648,552165
1280,3680,552165
1280,3712,552165
1280,3744,552165
1280,3776,552165
1280,3808,552165
1280,3840,552165
1280,3872,552165
1280,3904,552165
1280,3936,552165
1280,3968,552165
1280,4000,552165
1280,4032,552165
1280,4064,552165
1280,4096,552165
1344,32,200661
1344,64,202002
1344,96,204159
1344,128,205701
1344,160,207999
1344,192,209196
1344,224,210099
1344,256,209580
1344,288,375579
1344,320,387525
1344,352,387543
1344,384,388413
1344,416,388215
1344,448,389421
1344,480,391440
1344,512,391932
1344,544,393096
1344,576,400653
1344,608,445875
1344,640,450375
1344,672,488748
1344,704,488775
1344,736,488988
1344,768,489333
1344,800,490788
1344,832,492042
1344,864,493524
1344,896,497013
1344,928,524394
1344,960,538635
1344,992,545850
1344,1024,552555
1344,1056,552555
1344,1088,552555
1344,1120,552555
1344,1152,552555
1344,1184,552555
1344,1216,552555
1344,1248,552555
1344,1280,552555
1344,1312,552555
1344,1344,552555
1344,1376,552555
1344,1408,552555
1344,1440,552555
1344,1472,552555
1344,1504,552555
1344,1536,552555
1344,1568,552555
1344,1600,552555
1344,1632,552555
1344,1664,552555
1344,1696,552555
1344,1728,552555
1344,1760,552555
1344,1792,552555
1344,1824,552555
1344,1856,552555
1344,1888,552555
1344,1920,552555
1344,1952,552555
1344,1984,552555
1344,2016,552555
1344,2048,552555
1344,2080,552555
1344,2112,552555
1344,2144,552555
1344,2176,552555
1344,2208,552555
1344,2240,552555
1344,2272,552555
1344,2304,552555
1344,2336,552555
1344,2368,552555
1344,2400,552555
1344,2432,552555
1344,2464,552555
1344,2496,552555
1344,2528,552555
1344,2560,552555
1344,2592,552555
1344,2624,552555
1344,2656,552555
1344,2688,552555
1344,2720,552555
1344,2752,552555
1344,2784,552555
1344,2816,552555
1344,2848,552555
1344,2880,552555
1344,2912,552555
1344,2944,552555
1344,2976,552555
1344,3008,552555
1344,3040,552555
1344,3072,552555
1344,3104,552555
1344,3136,552555
1344,3168,552555
1344,3200,552555
1344,3232,552555
1344,3264,552555
1344,3296,552555
1344,3328,552555
1344,3360,552555
1344,3392,552555
1344,3424,552555
1344,3456,552555
1344,3488,552555
1344,3520,552555
1344,3552,552555
1344,3584,552555
1344,3616,552555
1344,3648,552555
1344,3680,552555
1344,3712,552555
1344,3744,552555
1344,3776,552555
1344,3808,552555
1344,3840,552555
1344,3872,552555
1344,3904,552555
1344,3936,552555
1344,3968,552555
1344,4000,552555
1344,4032,552555
1344,4064,552555
1344,4096,552555
1408,32,209490
1408,64,211026
1408,96,212268
1408,128,214344
1408,160,215091
1408,192,214818
1408,224,214926
1408,256,214926
1408,288,379065
1408,320,389706
1408,352,389250
1408,384,390246
1408,416,390129
1408,448,393021
1408,480,394569
1408,512,394938
1408,544,395811
1408,576,403143
1408,608,445776
1408,640,449184
1408,672,483630
1408,704,483573
1408,736,483573
1408,768,483969
1408,800,485232
1408,832,485934
1408,864,486960
1408,896,489696
1408,928,523251
1408,960,536613
1408,992,543828
1408,1024,550533
1408,1056,550533
1408,1088,550533
1408,1120,550533
1408,1152,550533
1408,1184,550533
1408,1216,550533
1408,1248,550533
1408,1280,550533
1408,1312,550533
1408,1344,550533
1408,1376,550533
1408,1408,550533
1408,1440,550533
1408,1472,550533
1408,1504,550533
1408,1536,550533
1408,1568,550533
1408,1600,550533
1408,1632,550533
1408,1664,550533
1408,1696,550533
1408,1728,550533
1408,1760,550533
1408,1792,550533
1408,1824,550533
1408,1856,550533
1408,1888,550533
1408,1920,550533
1408,1952,550533
1408,1984,550533
1408,2016,550533
1408,2048,550533
1408,2080,550533
1408,2112,550533
1408,2144,550533
1408,2176,550533
1408,2208,550533
1408,2240,550533
1408,2272,550533
1408,2304,550533
1408,2336,550533
1408,2368,550533
1408,2400,550533
1408,2432,550533
1408,2464,550533
1408,2496,550533
1408,2528,550533
1408,2560,550533
1408,2592,550533
1408,2624,550533
1408,2656,550533
1408,2688,550533
1408,2720,550533
1408,2752,550533
1408,2784,550533
1408,2816,550533
1408,2848,550533
1408,2880,550533
1408,2912,550533
1408,2944,550533
1408,2976,550533
1408,3008,550533
1408,3040,550533
1408,3072,550533
1408,3104,550533
1408,3136,550533
1408,3168,550533
1408,3200,550533
1408,3232,550533
1408,3264,550533
1408,3296,550533
1408,3328,550533
1408,3360,550533
1408,3392,550533
1408,3424,550533
1408,3456,550533
1408,3488,550533
1408,3520,550533
1408,3552,550533
1408,3584,550533
1408,3616,550533
1408,3648,550533
1408,3680,550533
1408,3712,550533
1408,3744,550533
1408,3776,550533
1408,3808,550533
1408,3840,550533
1408,3872,550533
1408,3904,550533
1408,3936,550533
1408,3968,550533
1408,4000,550533
1408,4032,550533
1408,4064,550533
1408,4096,550533
1472,32,218352
1472,64,219762
1472,96,219567
1472,128,219942
1472,160,221403
1472,192,221607
1472,224,221610
1472,256,221631
1472,288,381906
1472,320,393129
1472,352,393180
1472,384,394395
1472,416,395061
1472,448,397365
1472,480,399003
1472,512,399495
1472,544,400419
1472,576,407751
1472,608,448854
1472,640,451890
1472,672,485562
1472,704,485505
1472,736,485505
1472,768,485835
1472,800,486921
1472,832,487566
1472,864,488502
1472,896,491049
1472,928,523266
1472,960,536181
1472,992,543396
1472,1024,550101
1472,1056,550101
1472,1088,550101
1472,1120,550101
1472,1152,550101
1472,1184,550101
1472,1216,550101
1472,1248,550101
1472,1280,550101
1472,1312,550101
1472,1344,550101
1472,1376,550101
1472,1408,550101
1472,1440,550101
1472,1472,550101
1472,1504,550101
1472,1536,550101
1472,1568,550101
1472,1600,550101
1472,1632,550101
1472,1664,550101
1472,1696,550101
1472,1728,550101
1472,1760,550101
1472,1792,550101
1472,1824,550101
1472,1856,550101
1472,1888,550101
1472,1920,550101
1472,1952,550101
1472,1984,550101
1472,2016,550101
1472,2048,550101
1472,2080,550101
1472,2112,550101
1472,2144,550101
1472,2176,550101
1472,2208,550101
1472,2240,550101
1472,2272,550101
1472,2304,550101
1472,2336,550101
1472,2368,550101
1472,2400,550101
1472,2432,550101
1472,2464,550101
1472,2496,550101
1472,2528,550101
1472,2560,550101
1472,2592,550101
1472,2624,550101
1472,2656,550101
1472,2688,550101
1472,2720,550101
1472,2752,550101
1472,2784,550101
1472,2816,550101
1472,2848,550101
1472,2880,550101
1472,2912,550101
1472,2944,550101
1472,2976,550101
1472,3008,550101
1472,3040,550101
1472,3072,550101
1472,3104,550101
1472,3136,550101
1472,3168,550101
1472,3200,550101
1472,3232,550101
1472,3264,550101
1472,3296,550101
1472,3328,550101
1472,3360,550101
1472,3392,550101
1472,3424,550101
1472,3456,550101
1472,3488,550101
1472,3520,550101
1472,3552,550101
1472,3584,550101
1472,3616,550101
1472,3648,550101
1472,3680,550101
1472,3712,550101
1472,3744,550101
1472,3776,550101
1472,3808,550101
1472,3840,550101
1472,3872,550101
1472,3904,550101
1472,3936,550101
1472,3968,550101
1472,4000,550101
1472,4032,550101
1472,4064,550101
1472,4096,550101
1536,32,230433
1536,64,230883
1536,96,232188
1536,128,233607
1536,160,234639
1536,192,237588
1536,224,238809
1536,256,239457
1536,288,415047
1536,320,423288
1536,352,423486
1536,384,422841
1536,416,422133
1536,448,421911
1536,480,424899
1536,512,425292
1536,544,426030
1536,576,431340
1536,608,465369
1536,640,467862
1536,672,496143
1536,704,496143
1536,736,496143
1536,768,496422
1536,800,497244
1536,832,497775
1536,864,498558
1536,896,500646
1536,928,526302
1536,960,537159
1536,992,544167
1536,1024,550872
1536,1056,550872
1536,1088,550872
1536,1120,550872
1536,1152,550872
1536,1184,550872
1536,1216,550872
1536,1248,550872
1536,1280,550872
1536,1312,550872
1536,1344,550872
1536,1376,550872
1536,1408,550872
1536,1440,550872
1536,1472,550872
1536,1504,550872
1536,1536,550872
1536,1568,550872
1536,1600,550872
1536,1632,550872
1536,1664,550872
1536,1696,550872
1536,1728,550872
1536,1760,550872
1536,1792,550872
1536,1824,550872
1536,1856,550872
1536,1888,550872
1536,1920,550872
1536,1952,550872
1536,1984,550872
1536,2016,550872
1536,2048,550872
1536,2080,550872
1536,2112,550872
1536,2144,550872
1536,2176,550872
1536,2208,550872
1536,2240,550872
1536,2272,550872
1536,2304,550872
1536,2336,550872
1536,2368,550872
1536,2400,550872
1536,2432,550872
1536,2464,550872
1536,2496,550872
1536,2528,550872
1536,2560,550872
1536,2592,550872
1536,2624,550872
1536,2656,550872
1536,2688,550872
1536,2720,550872
1536,2752,550872
1536,2784,550872
1536,2816,550872
1536,2848,550872
1536,2880,550872
1536,2912,550872
1536,2944,550872
1536,2976,550872
1536,3008,550872
1536,3040,550872
1536,3072,550872
1536,3104,550872
1536,3136,550872
1536,3168,550872
1536,3200,550872
1536,3232,550872
1536,3264,550872
1536,3296,550872
1536,3328,550872
1536,3360,550872
1536,3392,550872
1536,3424,550872
1536,3456,550872
1536,3488,550872
1536,3520,550872
1536,3552,550872
1536,3584,550872
1536,3616,550872
1536,3648,550872
1536,3680,550872
1536,3712,550872
1536,3744,550872
1536,3776,550872
1536,3808,550872
1536,3840,550872
1536,3872,550872
1536,3904,550872
1536,3936,550872
1536,3968,550872
1536,4000,550872
1536,4032,550872
1536,4064,550872
1536,4096,550872
1600,32,239460
1600,64,239892
1600,96,241842
1600,128,243378
1600,160,244212
1600,192,244560
1600,224,244395
1600,256,244296
1600,288,419514
1600,320,428460
1600,352,428631
1600,384,428142
1600,416,427179
1600,448,426903
1600,480,428757
1600,512,429150
1600,544,429840
1600,576,434946
1600,608,467832
1600,640,470277
1600,672,497919
1600,704,497919
1600,736,497919
1600,768,498186
1600,800,498957
1600,832,499443
1600,864,500202
1600,896,502236
1600,928,526788
1600,960,537273
1600,992,544269
1600,1024,550974
1600,1056,550974
1600,1088,550974
1600,1120,550974
1600,1152,550974
1600,1184,550974
1600,1216,550974
1600,1248,550974
1600,1280,550974
1600,1312,550974
1600,1344,550974
1600,1376,550974
1600,1408,550974
1600,1440,550974
1600,1472,550974
1600,1504,550974
1600,1536,550974
1600,1568,550974
1600,1600,550974
1600,1632,550974
1600,1664,550974
1600,1696,550974
1600,1728,550974
1600,1760,550974
1600,1792,550974
1600,1824,550974
1600,1856,550974
1600,1888,550974
1600,1920,550974
1600,1952,550974
1600,1984,550974
1600,2016,550974
1600,2048,550974
1600,2080,550974
1600,2112,550974
1600,2144,550974
1600,2176,550974
1600,2208,550974
1600,2240,550974
1600,2272,550974
1600,2304,550974
1600,2336,550974
1600,2368,550974
1600,2400,550974
1600,2432,550974
1600,2464,550974
1600,2496,550974
1600,2528,550974
1600,2560,550974
1600,2592,550974
1600,2624,550974
1600,2656,550974
1600,2688,550974
1600,2720,550974
1600,2752,550974
1600,2784,550974
1600,2816,550974
1600,2848,550974
1600,2880,550974
1600,2912,550974
1600,2944,550974
1600,2976,550974
1600,3008,550974
1600,3040,550974
1600,3072,550974
1600,3104,550974
1600,3136,550974
1600,3168,550974
1600,3200,550974
1600,3232,550974
1600,3264,550974
1600,3296,550974
1600,3328,550974
1600,3360,550974
1600,3392,550974
1600,3424,550974
1600,3456,550974
1600,3488,550974
1600,3520,550974
1600,3552,550974
1600,3584,550974
1600,3616,550974
1600,3648,550974
1600,3680,550974
1600,3712,550974
1600,3744,550974
1600,3776,550974
1600,3808,550974
1600,3840,550974
1600,3872,550974
1600,3904,550974
1600,3936,550974
1600,3968,550974
1600,4000,550974
1600,4032,550974
1600,4064,550974
1600,4096,550974
1664,32,248547
1664,64,249018
1664,96,249894
1664,128,251640
1664,160,251664
1664,192,251757
1664,224,251748
1664,256,251748
1664,288,424758
1664,320,432690
1664,352,432969
1664,384,432732
1664,416,431973
1664,448,431688
1664,480,433128
1664,512,433467
1664,544,434157
1664,576,439176
1664,608,470907
1664,640,473352
1664,672,499902
1664,704,499902
1664,736,499902
1664,768,500169
1664,800,500940
1664,832,501423
1664,864,502185
1664,896,504057
1664,928,527079
1664,960,537492
1664,992,544416
1664,1024,551121
1664,1056,551121
1664,1088,551121
1664,1120,551121
1664,1152,551121
1664,1184,551121
1664,1216,551121
1664,1248,551121
1664,1280,551121
1664,1312,551121
1664,1344,551121
1664,1376,551121
1664,1408,551121
1664,1440,551121
1664,1472,551121
1664,1504,551121
1664,1536,551121
1664,1568,551121
1664,1600,551121
1664,1632,551121
1664,1664,551121
1664,1696,551121
1664,1728,551121
1664,1760,551121
1664,1792,551121
1664,1824,551121
1664,1856,551121
1664,1888,551121
1664,1920,551121
1664,1952,551121
1664,1984,551121
1664,2016,551121
1664,2048,551121
1664,2080,551121
1664,2112,551121
1664,2144,551121
1664,2176,551121
1664,2208,551121
1664,2240,551121
1664,2272,551121
1664,2304,551121
1664,2336,551121
1664,2368,551121
1664,2400,551121
1664,2432,551121
1664,2464,551121
1664,2496,551121
1664,2528,551121
1664,2560,551121
1664,2592,551121
1664,2624,551121
1664,2656,551121
1664,2688,551121
1664,2720,551121
1664,2752,551121
1664,2784,551121
1664,2816,551121
1664,2848,551121
1664,2880,551121
1664,2912,551121
1664,2944,551121
1664,2976,551121
1664,3008,551121
1664,3040,551121
1664,3072,551121
1664,3104,551121
1664,3136,551121
1664,3168,551121
1664,3200,551121
1664,3232,551121
1664,3264,551121
1664,3296,551121
1664,3328,551121
1664,3360,551121
1664,3392,551121
1664,3424,551121
1664,3456,551121
1664,3488,551121
1664,3520,551121
1664,3552,551121
1664,3584,551121
1664,3616,551121
1664,3648,551121
1664,3680,551121
1664,3712,551121
1664,3744,551121
1664,3776,551121
1664,3808,551121
1664,3840,551121
1664,3872,551121
1664,3904,551121
1664,3936,551121
1664,3968,551121
1664,4000,551121
1664,4032,551121
1664,4064,551121
1664,4096,551121
1728,32,257643
1728,64,258195
1728,96,259281
1728,128,260232
1728,160,264030
1728,192,263691
1728,224,263880
1728,256,264027
1728,288,435558
1728,320,442413
1728,352,442383
1728,384,443127
1728,416,442332
1728,448,442086
1728,480,443124
1728,512,443466
1728,544,444006
1728,576,448242
1728,608,476817
1728,640,478989
1728,672,503571
1728,704,503571
1728,736,503571
1728,768,503838
1728,800,504549
1728,832,504846
1728,864,505458
1728,896,507144
1728,928,528057
1728,960,537813
1728,992,544662
1728,1024,551367
1728,1056,551367
1728,1088,551367
1728,1120,551367
1728,1152,551367
1728,1184,551367
1728,1216,551367
1728,1248,551367
1728,1280,551367
1728,1312,551367
1728,1344,551367
1728,1376,551367
1728,1408,551367
1728,1440,551367
1728,1472,551367
1728,1504,551367
1728,1536,551367
1728,1568,551367
1728,1600,551367
1728,1632,551367
1728,1664,551367
1728,1696,551367
1728,1728,551367
1728,1760,551367
1728,1792,551367
1728,1824,551367
1728,1856,551367
1728,1888,551367
1728,1920,551367
1728,1952,551367
1728,1984,551367
1728,2016,551367
1728,2048,551367
1728,2080,551367
1728,2112,551367
1728,2144,551367
1728,2176,551367
1728,2208,551367
1728,2240,551367
1728,2272,551367
1728,2304,551367
1728,2336,551367
1728,2368,551367
1728,2400,551367
1728,2432,551367
1728,2464,551367
1728,2496,551367
1728,2528,551367
1728,2560,551367
1728,2592,551367
1728,2624,551367
1728,2656,551367
1728,2688,551367
1728,2720,551367
1728,2752,551367
1728,2784,551367
1728,2816,551367
1728,2848,551367
1728,2880,551367
1728,2912,551367
1728,2944,551367
1728,2976,551367
1728,3008,551367
1728,3040,551367
1728,3072,551367
1728,3104,551367
1728,3136,551367
1728,3168,551367
1728,3200,551367
1728,3232,551367
1728,3264,551367
1728,3296,551367
1728,3328,551367
1728,3360,551367
1728,3392,551367
1728,3424,551367
1728,3456,551367
1728,3488,551367
1728,3520,551367
1728,3552,551367
1728,3584,551367
1728,3616,551367
1728,3648,551367
1728,3680,551367
1728,3712,551367
1728,3744,551367
1728,3776,551367
1728,3808,551367
1728,3840,551367
1728,3872,551367
1728,3904,551367
1728,3936,551367
1728,3968,551367
1728,4000,551367
1728,4032,551367
1728,4064,551367
1728,4096,551367
1792,32,266676
1792,64,267453
1792,96,269394
1792,128,270291
1792,160,270369
1792,192,272328
1792,224,274752
1792,256,275292
1792,288,436653
1792,320,442746
1792,352,442554
1792,384,443142
1792,416,442332
1792,448,442086
1792,480,443124
1792,512,443466
1792,544,444006
1792,576,448242
1792,608,476817
1792,640,478989
1792,672,503571
1792,704,503571
1792,736,503571
1792,768,503838
1792,800,504549
1792,832,504846
1792,864,505458
1792,896,507144
1792,928,528057
1792,960,537813
1792,992,544662
1792,1024,551367
1792,1056,551367
1792,1088,551367
1792,1120,551367
1792,1152,551367
1792,1184,551367
1792,1216,551367
1792,1248,551367
1792,1280,551367
1792,1312,551367
1792,1344,551367
1792,1376,551367
1792,1408,551367
1792,1440,551367
1792,1472,551367
1792,1504,551367
1792,1536,551367
1792,1568,551367
1792,1600,551367
1792,1632,551367
1792,1664,551367
1792,1696,551367
1792,1728,551367
1792,1760,551367
1792,1792,551367
1792,1824,551367
1792,1856,551367
1792,1888,551367
1792,1920,551367
1792,1952,551367
1792,1984,551367
1792,2016,551367
1792,2048,551367
1792,2080,551367
1792,2112,551367
1792,2144,551367
1792,2176,551367
1792,2208,551367
1792,2240,551367
1792,2272,551367
1792,2304,551367
1792,2336,551367
1792,2368,551367
1792,2400,551367
1792,2432,551367
1792,2464,551367
1792,2496,551367
1792,2528,551367
1792,2560,551367
1792,2592,551367
1792,2624,551367
1792,2656,551367
1792,2688,551367
1792,2720,551367
1792,2752,551367
1792,2784,551367
1792,2816,551367
1792,2848,551367
1792,2880,551367
1792,2912,551367
1792,2944,551367
1792,2976,551367
1792,3008,551367
1792,3040,551367
1792,3072,551367
1792,3104,551367
1792,3136,551367
1792,3168,551367
1792,3200,551367
1792,3232,551367
1792,3264,551367
1792,3296,551367
1792,3328,551367
1792,3360,551367
1792,3392,551367
1792,3424,551367
1792,3456,551367
1792,3488,551367
1792,3520,551367
1792,3552,551367
1792,3584,551367
1792,3616,551367
1792,3648,551367
1792,3680,551367
1792,3712,551367
1792,3744,551367
1792,3776,551367
1792,3808,551367
1792,3840,551367
1792,3872,551367
1792,3904,551367
1792,3936,551367
1792,3968,551367
1792,4000,551367
1792,4032,551367
1792,4064,551367
1792,4096,551367
1856,32,274452
1856,64,275283
1856,96,275415
1856,128,275250
1856,160,275244
1856,192,275472
1856,224,275787
1856,256,276075
1856,288,436683
1856,320,442755
1856,352,442557
1856,384,443142
1856,416,442332
1856,448,442086
1856,480,443124
1856,512,443466
1856,544,444006
1856,576,448242
1856,608,476817
1856,640,478989
1856,672,503571
1856,704,503571
1856,736,503571
1856,768,503838
1856,800,504549
1856,832,504846
1856,864,505458
1856,896,507144
1856,928,528057
1856,960,537813
1856,992,544662
1856,1024,551367
1856,1056,551367
1856,1088,551367
1856,1120,551367
1856,1152,551367
1856,1184,551367
1856,1216,551367
1856,1248,551367
1856,1280,551367
1856,1312,551367
1856,1344,551367
1856,1376,551367
1856,1408,551367
1856,1440,551367
1856,1472,551367
1856,1504,551367
1856,1536,551367
1856,1568,551367
1856,1600,551367
1856,1632,551367
1856,1664,551367
1856,1696,551367
1856,1728,551367
1856,1760,551367
1856,1792,551367
1856,1824,551367
1856,1856,551367
1856,1888,551367
1856,1920,551367
1856,1952,551367
1856,1984,551367
1856,2016,551367
1856,2048,551367
1856,2080,551367
1856,2112,551367
1856,2144,551367
1856,2176,551367
1856,2208,551367
1856,2240,551367
1856,2272,551367
1856,2304,551367
1856,2336,551367
1856,2368,551367
1856,2400,551367
1856,2432,551367
1856,2464,551367
1856,2496,551367
1856,2528,551367
1856,2560,551367
1856,2592,551367
1856,2624,551367
1856,2656,551367
1856,2688,551367
1856,2720,551367
1856,2752,551367
1856,2784,551367
1856,2816,551367
1856,2848,551367
1856,2880,551367
1856,2912,551367
1856,2944,551367
1856,2976,551367
1856,3008,551367
1856,3040,551367
1856,3072,551367
1856,3104,551367
1856,3136,551367
1856,3168,551367
1856,3200,551367
1856,3232,551367
1856,3264,551367
1856,3296,551367
1856,3328,551367
1856,3360,551367
1856,3392,551367
1856,3424,551367
1856,3456,551367
1856,3488,551367
1856,3520,551367
1856,3552,551367
1856,3584,551367
1856,3616,551367
1856,3648,551367
1856,3680,551367
1856,3712,551367
1856,3744,551367
1856,3776,551367
1856,3808,551367
1856,3840,551367
1856,3872,551367
1856,3904,551367
1856,3936,551367
1856,3968,551367
1856,4000,551367
1856,4032,551367
1856,4064,551367
1856,4096,551367
1920,32,285084
1920,64,285441
1920,96,286701
1920,128,287898
1920,160,287898
1920,192,287898
1920,224,287898
1920,256,287901
1920,288,437772
1920,320,443082
1920,352,442716
1920,384,443166
1920,416,442332
1920,448,442086
1920,480,443124
1920,512,443466
1920,544,444006
1920,576,448242
1920,608,476817
1920,640,478989
1920,672,503571
1920,704,503571
1920,736,503571
1920,768,503838
1920,800,504549
1920,832,504846
1920,864,505458
1920,896,507144
1920,928,528057
1920,960,537813
1920,992,544662
1920,1024,551367
1920,1056,551367
1920,1088,551367
1920,1120,551367
1920,1152,551367
1920,1184,551367
1920,1216,551367
1920,1248,551367
1920,1280,551367
1920,1312,551367
1920,1344,551367
1920,1376,551367
1920,1408,551367
1920,1440,551367
1920,1472,551367
1920,1504,551367
1920,1536,551367
1920,1568,551367
1920,1600,551367
1920,1632,551367
1920,1664,551367
1920,1696,551367
1920,1728,551367
1920,1760,551367
1920,1792,551367
1920,1824,551367
1920,1856,551367
1920,1888,551367
1920,1920,551367
1920,1952,551367
1920,1984,551367
1920,2016,551367
1920,2048,551367
1920,2080,551367
1920,2112,551367
1920,2144,551367
1920,2176,551367
1920,2208,551367
1920,2240,551367
1920,2272,551367
1920,2304,551367
1920,2336,551367
1920,2368,551367
1920,2400,551367
1920,2432,551367
1920,2464,551367
1920,2496,551367
1920,2528,551367
1920,2560,551367
1920,2592,551367
1920,2624,551367
1920,2656,551367
1920,2688,551367
1920,2720,551367
1920,2752,551367
1920,2784,551367
1920,2816,551367
1920,2848,551367
1920,2880,551367
1920,2912,551367
1920,2944,551367
1920,2976,551367
1920,3008,551367
1920,3040,551367
1920,3072,551367
1920,3104,551367
1920,3136,551367
1920,3168,551367
1920,3200,551367
1920,3232,551367
1920,3264,551367
1920,3296,551367
1920,3328,551367
1920,3360,551367
1920,3392,551367
1920,3424,551367
1920,3456,551367
1920,3488,551367
1920,3520,551367
1920,3552,551367
1920,3584,551367
1920,3616,551367
1920,3648,551367
1920,3680,551367
1920,3712,551367
1920,3744,551367
1920,3776,551367
1920,3808,551367
1920,3840,551367
1920,3872,551367
1920,3904,551367
1920,3936,551367
1920,3968,551367
1920,4000,551367
1920,4032,551367
1920,4064,551367
1920,4096,551367
1984,32,293193
1984,64,293517
1984,96,293427
1984,128,293439
1984,160,293439
1984,192,293439
1984,224,293439
1984,256,293439
1984,288,438312
1984,320,443247
1984,352,442806
1984,384,443178
1984,416,442332
1984,448,442086
1984,480,443124
1984,512,443466
1984,544,444006
1984,576,448242
1984,608,476817
1984,640,478989
1984,672,503571
1984,704,503571
1984,736,503571
1984,768,503838
1984,800,504549
1984,832,504846
1984,864,505458
1984,896,507144
1984,928,528057
1984,960,537813
1984,992,544662
1984,1024,551367
1984,1056,551367
1984,1088,551367
1984,1120,551367
1984,1152,551367
1984,1184,551367
1984,1216,551367
1984,1248,551367
1984,1280,551367
1984,1312,551367
1984,1344,551367
1984,1376,551367
1984,1408,551367
1984,1440,551367
1984,1472,551367
1984,1504,551367
1984,1536,551367
1984,1568,551367
1984,1600,551367
1984,1632,551367
1984,1664,551367
1984,1696,551367
1984,1728,551367
1984,1760,551367
1984,1792,551367
1984,1824,551367
1984,1856,551367
1984,1888,551367
1984,1920,551367
1984,1952,551367
1984,1984,551367
1984,2016,551367
1984,2048,551367
1984,2080,551367
1984,2112,551367
1984,2144,551367
1984,2176,551367
1984,2208,551367
1984,2240,551367
1984,2272,551367
1984,2304,551367
1984,2336,551367
1984,2368,551367
1984,2400,551367
1984,2432,551367
1984,2464,551367
1984,2496,551367
1984,2528,551367
1984,2560,551367
1984,2592,551367
1984,2624,551367
1984,2656,551367
1984,2688,551367
1984,2720,551367
1984,2752,551367
1984,2784,551367
1984,2816,551367
1984,2848,551367
1984,2880,551367
1984,2912,551367
1984,2944,551367
1984,2976,551367
1984,3008,551367
1984,3040,551367
1984,3072,551367
1984,3104,551367
1984,3136,551367
1984,3168,551367
1984,3200,551367
1984,3232,551367
1984,3264,551367
1984,3296,551367
1984,3328,551367
1984,3360,551367
1984,3392,551367
1984,3424,551367
1984,3456,551367
1984,3488,551367
1984,3520,551367
1984,3552,551367
1984,3584,551367
1984,3616,551367
1984,3648,551367
1984,3680,551367
1984,3712,551367
1984,3744,551367
1984,3776,551367
1984,3808,551367
1984,3840,551367
1984,3872,551367
1984,3904,551367
1984,3936,551367
1984,3968,551367
1984,4000,551367
1984,4032,551367
1984,4064,551367
1984,4096,551367
2048,32,295740
2048,64,295683
2048,96,295539
2048,128,295539
2048,160,295539
2048,192,295539
2048,224,295539
2048,256,295539
2048,288,438477
2048,320,443295
2048,352,442818
2048,384,443178
2048,416,442332
2048,448,442086
2048,480,443124
2048,512,443466
2048,544,444006
2048,576,448242
2048,608,476817
2048,640,478989
2048,672,503571
2048,704,503571
2048,736,503571
2048,768,503838
2048,800,504549
2048,832,504846
2048,864,505458
2048,896,507144
2048,928,528057
2048,960,537813
2048,992,544662
2048,1024,551367
2048,1056,551367
2048,1088,551367
2048,1120,551367
2048,1152,551367
2048,1184,551367
2048,1216,551367
2048,1248,551367
2048,1280,551367
2048,1312,551367
2048,1344,551367
2048,1376,551367
2048,1408,551367
2048,1440,551367
2048,1472,551367
2048,1504,551367
2048,1536,551367
2048,1568,551367
2048,1600,551367
2048,1632,551367
2048,1664,551367
2048,1696,551367
2048,1728,551367
2048,1760,551367
2048,1792,551367
2048,1824,551367
2048,1856,551367
2048,1888,551367
2048,1920,551367
2048,1952,551367
2048,1984,551367
2048,2016,551367
2048,2048,551367
2048,2080,551367
2048,2112,551367
2048,2144,551367
2048,2176,551367
2048,2208,551367
2048,2240,551367
2048,2272,551367
2048,2304,551367
2048,2336,551367
2048,2368,551367
2048,2400,551367
2048,2432,551367
2048,2464,551367
2048,2496,551367
2048,2528,551367
2048,2560,551367
2048,2592,551367
2048,2624,551367
2048,2656,551367
2048,2688,551367
2048,2720,551367
2048,2752,551367
2048,2784,551367
2048,2816,551367
2048,2848,551367
2048,2880,551367
2048,2912,551367
2048,2944,551367
2048,2976,551367
2048,3008,551367
2048,3040,551367
2048,3072,551367
2048,3104,551367
2048,3136,551367
2048,3168,551367
2048,3200,551367
2048,3232,551367
2048,3264,551367
2048,3296,551367
2048,3328,551367
2048,3360,551367
2048,3392,551367
2048,3424,551367
2048,3456,551367
2048,3488,551367
2048,3520,551367
2048,3552,551367
2048,3584,551367
2048,3616,551367
2048,3648,551367
2048,3680,551367
2048,3712,551367
2048,3744,551367
2048,3776,551367
2048,3808,551367
2048,3840,551367
2048,3872,551367
2048,3904,551367
2048,3936,551367
2048,3968,551367
2048,4000,551367
2048,4032,551367
2048,4064,551367
2048,4096,551367
