layer,sequences,time_us
mtp_eh_proj,1,104.95
mtp_eh_proj,2,109.312
mtp_eh_proj,3,109.686
mtp_eh_proj,4,110.934
mtp_eh_proj,5,111.393
mtp_eh_proj,6,111.809
mtp_eh_proj,7,112.224
mtp_eh_proj,8,113.398
mtp_eh_proj,9,113.622
mtp_eh_proj,10,114.454
mtp_eh_proj,11,115.094
mtp_eh_proj,12,115.819
mtp_eh_proj,13,116.406
mtp_eh_proj,14,116.822
mtp_eh_proj,15,117.184
mtp_eh_proj,16,117.803
mtp_eh_proj,20,118.486
mtp_eh_proj,24,120.128
mtp_eh_proj,28,121.878
mtp_eh_proj,32,122.774
mtp_eh_proj,36,123.969
mtp_eh_proj,40,125.483
mtp_eh_proj,44,126.475
mtp_eh_proj,48,127.702
mtp_eh_proj,52,129.601
mtp_eh_proj,56,130.934
mtp_eh_proj,60,131.531
mtp_eh_proj,64,132.001
mtp_eh_proj,80,130.752
mtp_eh_proj,96,132.896
mtp_eh_proj,112,138.678
mtp_eh_proj,128,140.556
mtp_eh_proj,144,167.553
mtp_eh_proj,160,166.646
mtp_eh_proj,176,167.201
mtp_eh_proj,192,166.934
mtp_eh_proj,208,166.828
mtp_eh_proj,224,164.257
mtp_eh_proj,240,164.993
mtp_eh_proj,256,148.022
mtp_embed,1,3.08267
mtp_embed,2,3.232
mtp_embed,3,3.39167
mtp_embed,4,3.68
mtp_embed,5,4.03233
mtp_embed,6,4.20267
mtp_embed,7,4.37333
mtp_embed,8,4.48
mtp_embed,9,5.03467
mtp_embed,10,5.23767
mtp_embed,11,5.38733
mtp_embed,12,5.60033
mtp_embed,13,5.92
mtp_embed,14,6.283
mtp_embed,15,6.44267
mtp_embed,16,6.41133
mtp_embed,20,2.82667
mtp_embed,24,2.66667
mtp_embed,28,2.85833
mtp_embed,32,2.66667
mtp_embed,36,2.80533
mtp_embed,40,2.68733
mtp_embed,44,2.901
mtp_embed,48,2.69867
mtp_embed,52,2.912
mtp_embed,56,2.774
mtp_embed,60,2.99733
mtp_embed,64,2.848
mtp_embed,80,3.02967
mtp_embed,96,3.12567
mtp_embed,112,3.296
mtp_embed,128,3.49833
mtp_embed,144,3.85033
mtp_embed,160,3.88267
mtp_embed,176,4.02133
mtp_embed,192,4.203
mtp_embed,208,4.18133
mtp_embed,224,4.27733
mtp_embed,240,4.39467
mtp_embed,256,4.38433
mtp_enorm_hnorm,1,16.1913
mtp_enorm_hnorm,2,16.1707
mtp_enorm_hnorm,3,16.1917
mtp_enorm_hnorm,4,16.341
mtp_enorm_hnorm,5,16.2663
mtp_enorm_hnorm,6,16.3947
mtp_enorm_hnorm,7,16.3523
mtp_enorm_hnorm,8,16.4363
mtp_enorm_hnorm,9,16.363
mtp_enorm_hnorm,10,16.5013
mtp_enorm_hnorm,11,16.47
mtp_enorm_hnorm,12,16.4897
mtp_enorm_hnorm,13,16.543
mtp_enorm_hnorm,14,16.438
mtp_enorm_hnorm,15,16.5223
mtp_enorm_hnorm,16,16.6087
mtp_enorm_hnorm,20,16.5977
mtp_enorm_hnorm,24,16.7887
mtp_enorm_hnorm,28,16.715
mtp_enorm_hnorm,32,17.0243
mtp_enorm_hnorm,36,17.0873
mtp_enorm_hnorm,40,17.1843
mtp_enorm_hnorm,44,17.419
mtp_enorm_hnorm,48,17.5783
mtp_enorm_hnorm,52,17.3223
mtp_enorm_hnorm,56,17.3867
mtp_enorm_hnorm,60,17.5687
mtp_enorm_hnorm,64,17.728
mtp_enorm_hnorm,80,18.294
mtp_enorm_hnorm,96,18.9763
mtp_enorm_hnorm,112,19.7117
mtp_enorm_hnorm,128,20.491
mtp_enorm_hnorm,144,21.974
mtp_enorm_hnorm,160,22.4107
mtp_enorm_hnorm,176,23.3817
mtp_enorm_hnorm,192,25.3543
mtp_enorm_hnorm,208,25.7493
mtp_enorm_hnorm,224,25.5787
mtp_enorm_hnorm,240,25.738
mtp_enorm_hnorm,256,27.7117
mtp_glue,1,17.1417
mtp_glue,2,19.508
mtp_glue,3,20.1717
mtp_glue,4,20.683
mtp_glue,5,21.077
mtp_glue,6,21.1737
mtp_glue,7,21.4933
mtp_glue,8,21.2583
mtp_glue,9,21.2907
mtp_glue,10,21.7813
mtp_glue,11,21.6103
mtp_glue,12,21.621
mtp_glue,13,21.8233
mtp_glue,14,22.038
mtp_glue,15,21.951
mtp_glue,16,21.7717
mtp_glue,20,21.4397
mtp_glue,24,21.5773
mtp_glue,28,22.668
mtp_glue,32,22.656
mtp_glue,36,23.211
mtp_glue,40,23.67
mtp_glue,44,24.492
mtp_glue,48,24.9603
mtp_glue,52,25.6223
mtp_glue,56,26.0573
mtp_glue,60,26.4227
mtp_glue,64,26.9537
mtp_glue,80,28.9277
mtp_glue,96,31.0173
mtp_glue,112,32.405
mtp_glue,128,35.467
mtp_glue,144,38.6253
mtp_glue,160,42.337
mtp_glue,176,44.459
mtp_glue,192,47.2537
mtp_glue,208,48.191
mtp_glue,224,49.3113
mtp_glue,240,53.195
mtp_glue,256,54.3997
mtp_shared_head,1,2.43167
mtp_shared_head,2,2.41067
mtp_shared_head,3,2.41067
mtp_shared_head,4,2.45367
mtp_shared_head,5,2.44267
mtp_shared_head,6,2.432
mtp_shared_head,7,2.453
mtp_shared_head,8,2.46367
mtp_shared_head,9,2.44267
mtp_shared_head,10,2.46367
mtp_shared_head,11,2.45333
mtp_shared_head,12,2.47467
mtp_shared_head,13,2.496
mtp_shared_head,14,2.464
mtp_shared_head,15,2.49567
mtp_shared_head,16,2.464
mtp_shared_head,20,2.46433
mtp_shared_head,24,2.496
mtp_shared_head,28,2.50667
mtp_shared_head,32,2.54867
mtp_shared_head,36,2.52767
mtp_shared_head,40,2.592
mtp_shared_head,44,2.60233
mtp_shared_head,48,2.592
mtp_shared_head,52,2.656
mtp_shared_head,56,2.613
mtp_shared_head,60,2.67767
mtp_shared_head,64,2.667
mtp_shared_head,80,2.80567
mtp_shared_head,96,2.91233
mtp_shared_head,112,3.04
mtp_shared_head,128,3.168
mtp_shared_head,144,3.328
mtp_shared_head,160,3.49867
mtp_shared_head,176,3.57333
mtp_shared_head,192,3.648
mtp_shared_head,208,3.73267
mtp_shared_head,224,3.637
mtp_shared_head,240,3.70067
mtp_shared_head,256,4.245
